Trávníček Jan,2025 ZS,FALSE,AAG,"Bezkontextové jazyky: Bezkontextové gramatiky, zásobníkové automaty a jejich varianty. Modely syntaktické analýzy bezkontextových jazyků.",A,"Bez upřesnění, napsal jsem většinu slovně, u ZA jsem zapomněl, že slova na zásobníku jsou konečná.",
Guth Ondřej,2024 LS,FALSE,AAG,"Regulární jazyky: Deterministické konečné automaty, nedeterministické konečné automaty, determinizace konečného automatu.",B,karel Zemánek,
Vagner Ladislav,2025 LS,FALSE,AAG,"Bezkontextové jazyky: Bezkontextové gramatiky, zásobníkové automaty a jejich varianty. Modely syntaktické analýzy bezkontextových jazyků. Zúžení: syntaktická zdola nahoru + předvést na příkladu (zadán jazyk)",,,
Miroslav Balík,2025 LS,FALSE,AAG,,B,Ptal se na to co je to jazyk a co je to regulární jazyk. Jaký operace lze provadet s regulárními jazyky,
Balík Miroslav,2025 LS,FALSE,AAG,Regulární jazyky: Deterministické a nedeterministické konečné automaty. Popište algortimus minimalizace deterministického konečného automatu. Vztah mezi konečným automatem a regulární gramatikou ,A,"Zkoušel Balík, tak jako si budoval povídání ""co je to jazyk"", ""jaká je vzaba mezi Q, P a E v automatech"", atp...byl úplně v chillu, dával otázky, na které by si měl člověk opravdu pamatovat věci i bez učení -> je vidět, že mi to chtěl dát",
Balík Miroslav,2025 LS,FALSE,AAG,"Regulární jazyky: Deterministické a nedeterministické konečné automaty. Determinizace konečného automatu. Minimalizace deterministického konečného automatu. Operace s konečnými automaty. Regulární gramatiky, regulární výrazy, regulární rovnice. Zaměření: definovat RJ, NKA, DKA, popsat algoritmus determinizace a jeho časovou a paměťovou složitost",A,"Dost common otázka, Balík budoval celé povídání i doplňkovými otázkami ""co je to formální jazyk"", ""jaký se vztah mezi Q, F, Σ?"" (množinově, zda je něco nějakou podmnožinou, jsou nějaké disjunktní, atp...), determinizaci jsem popsal tak trošku rukama a nohama, moc mi to v ten moment nešlo úplně ""nejformálněji"" popsat, aby to bylo kompletně srozumitelné, ale dal jsem tam i krátký příklad a byl s tím úplně spokojený; obě složitosti jsou pak 2^Q; celkově se Balík ptal na otázky, kde bylo vidět, že to tomu studentovi chce dát (ptal se opravdu na věci, co by člověk měl vědět i bez učení)",
Vagner Ladislav,2025 LS,FALSE,AAG,"Bezkontextové jazyky: Bezkontextové gramatiky, zásobníkové automaty a jejich varianty. Modely syntaktické analýzy bezkontextových jazyků. Zúžení: syntaktická analýza shora dolů + předvést na příkladu (zadán jazyk)",A,"Celá otázka měla před sebou ""Bezkontextové jazyky: Bezkontextové gramatiky, zásobníkové automaty a jejich varianty. Modely syntaktické analýzy bezkontextových jazyků."", ale bylo tam ""zaměřte se výhradně na syntaktickou analýzu shora dolů a předveďte ji na příkladu L = {něco^n něco^n}"". Člověk tedy musel udělat BG -> pro ni syntaktický analyzátor shora dolů -> následně naznačit jeho kroky.",
Vagner Ladislav,2025 LS,FALSE,AAG,"Zúžení na množinové operace s regulárními jazyky (sjednocení, průnik, doplněk). Dále navrhnout KA, který přijímá jazyk nad abecedou {a,b}, kde řetězce mají minimální délku 4 a lichý počet symbolů „a“.",A,aag,
Zemánek Karel,2024 LS,TRUE,ADU,"Identita uživatelů v unixových systémech (identita, práva administrátora, sudo, su, PAM moduly, role, privilegia, identita a přístupová práva, ACL, suid programy).",B,,
Scholtzová Jiřina ,2025 LS,FALSE,AG1,"Princip metody Rozděluj a Panuj - ukažte na příkladu MergeSort - dokažte správnost MergeSortu - ukažte další příklady, kde můžeme použít tento přístup ",B,"Popsal jsem MergeSort, ukázal jsem to na konkrétním příkladu, napsal jsem důkaz stylem: jednoprvkové pole je seřazené, a merge funguje správně => algoritmus funguje správně 
A uvedl jsem i Karacubu, kde jsem ani dokázal odvodit ten vzorec, plus nrp   jenom slovně a fibonaci, pak mě ještě doptala a zmínil jsem i Quickselect, jenom že existuje. Jedině na čem jsem zkolaboval bylo vysvětlení odvození složitosti u MergeSortu, zapomněl jsem tam dát sumu a  nedošlo mi to i po upozornění 😅 ",
Vágner Ladislav,2025 LS,FALSE,AG1,Dolní mez složitosti řazení v porovnávacím modelu. Řazení v lineárním čase.,C,"Ptal se mě jak udělám ten porovnávací strom. Nevěděl jsem. Chtěl slyšet že odspoda nahoru. Pak chtěl ať napíšu ten Stirlingův vzorec. To jsem taky nevěděl. V otázce sice bylo ""pouze"" složitost řazení, ale na druhou stranu papíru jsem ve zbylém čase napsal i ty další věci z otázky a asi to nějak pomohlo (to bylo dobře a tam se už na nic neptal). ",
Trávníček Jan,2025 ZS,FALSE,AG1,Rekurzivní rozklad problému na podproblémy metodou Rozděl-a-panuj. Rekurze vs iterace. Dynamické programování,B," Pri rekuzii som nenapísal nič o ukončujúcej podmienke a toto tam p.Trávničkovi chýbalo. Nedošlo mi najprv čo odo mňa chcel a tak mi dal za úlohu napísať funkciu faktoriálu, potom mi to už došlo xd.K rekurzii som napísal že môže spôsobiť Stack overflow. Na toto sa ma potom spýtal niekoľko doplňujúcich otázok: podľa čoho zistíme koľko rekurzivných volaní je OK zavolať (množstvo pamäte a velkosť aktivačného záznamu), čo je v aktivačnom zázname, a ako veľký v bajtoch asi je aktivačný záznam. Na tú poslednú som odpovedal hlúpo že „neviem, asi 4 bajty“ ale našťastie do nemalo veľký vplyv na hodnotenie xd. Aj keď neviem či tieto veci boli preberané v rámci AG1 a PA1.Pri skúške sme sa dostali k binárnym stromom, spýtal sa ma na hĺbku AVL stromu.K Dynamickému programovaniu som napísal základ a trochu som opísal Karacuba násobenie. Na túto tému sa ma nič nespýtal.",
Balík Miroslav,2025 LS,FALSE,AG1,"Časová a paměťová složitost algoritmů. Algoritmy vyhledávání (sekvenční, půlením intervalu), slučování a řazení (BubbleSort, SelectSort, InsertSort, MergeSort, QuickSort). Dolní mez složitosti řazení v porovnávacím modelu. Řazení v lineárním čase. Zaměření: Definujte asymptotickou složitost. Definujte vztahy Omikron, Omega, Theta. Vyberte si jeden z algoritmů BubbleSort, InsertSort, SelectSort a jeden z Merge sort, QuickSort, popište je a jejich asymptotickou časovou a prostorovou složistost.  ",,,
Vogel Josef,2025 LS,FALSE,AG1,"Základní pojmy teorie grafů. Grafové algoritmy: procházení grafu do šířky, určení souvislých komponent, topologické uspořádání, vzdálenosti v grafech, konstrukce minimální kostry a nejkratších cest v ohodnoceném grafu.
Zaměření: BFS, DFS",A,"Napsal jsem pseudokód obou algoritmů, asi ne úplně ideálně ale s tou hlavní myšlenkou, což mu stačilo. Chyběla mi tam mapa předchůdců, takže se ptal, jak jde BFS využít pro rekonstrukci nejkratší cesty",
Balík Miroslav,2025 LS,FALSE,AG1,"Časová a paměťová složitost algoritmů. Algoritmy vyhledávání (sekvenční, půlením intervalu), slučování a řazení (BubbleSort, SelectSort, InsertSort, MergeSort, QuickSort). Dolní mez složitosti řazení v porovnávacím modelu. Řazení v lineárním čase.",B,"Jednalo se o zaměření na výběr a popis jednoho z kvadratických a jednoho ze dvojice merge/quick. Poté také na notaci omikron, omega, theta, víc je potom napsáno ve zkušenostech",
Tvrdík Pavel,2024 LS,FALSE,AG1,"Binární haldy, binomiální haldy",B,,
Tomáš Valla,2025 LS,TRUE,AG2,"Vyšší souvislost grafů, vrcholová, hranová a jejich vztahy, Mengerova věta. Mosty, silně souvislé komponenty orientovaného grafu a jejich hledání. Toky v sítích, vztah velikosti toku a kapacity řezu, Fordův-Fulkersonův algoritmus. Párování, hledání maximálního párování v bipartitním grafu, Hallova věta a její důsledky. Zaměřte se na toky, související pojmy a hlavní větu o tocích, naznačte důkaz.",A,"Pojmy jsem zavedl bez problémů, v důkazu se trochu nelíbil druhý směr, kdy jsem dostatečně rigorózně neukázal, jak najdeme řez nasyceného toku. Nicméně Valla byl úplně v pohodě a když viděl, že se nechápeme, ale vim, jak důkaz funguje, tak mě pustil.",
Valla Tomáš,2025 LS,TRUE,AG2,"Eulerovský tah, charakterizace eulerovských grafů, minimální pokrytí tahy. Hamiltonovská kružnice, Chvátalův uzávěr, Bondyho-Chvátalova věta. Problém obchodní cestující, aproximační algoritmus. Zaměření: Hamiltonovská kružnice, Chvátalův uzávěr, Bondyho-Chvátalova věta včetně hrubého náznaku důkazu. ",A,,
Buček,2025 LS,TRUE,APS,Inštrukčný cyklus a zřetezená mikroarchitektura,B,"Dopýtaval sa čo sa deje v MEM a WB fáze, potom sa pýtal na CPI a kolko CPI ma zreťazená",
Buček Jiří ,2025 LS,TRUE,APS,"Paměťová hierarchie se skrytou pamětí (cache memory), principy lokality a fungování skryté paměti. Architektura přímé, částečně asociativní, plně asociativní skryté paměti.",A,"Popsal jsem cca 2 a půl stránky, napsal jsem vše, co jsem věděl. Podtrhl mi jen nějaké špatné vyjádření. Napsal jsem to relativně dost detailně, takže vlastně ani nebylo na co se dál ptát.",
Miškovský Vojtěch ,2025 LS,TRUE,ASB,"Zabezpečení WiFi: WEP, WPA, WPA2 , WPA3",B,"Totálně jsem zapomněl jakým způsobem probíhá ověření integrity u všech protokolů, popsal jsem Basic věci jako WEP - RC4 + krátký inicializační vektor, WPA - zabalení WEPu , WPA2 - popsal jsem přibližně jak vypadá generace PTK a popsal jsem, že MIC je závislý na klíči, proto je možné provést Brute Force útok offline, u WPA3 jsem jenom řekl, že používá dragonfly aby pořesila tenhle problém",
Dostál Jiří,2024 LS,TRUE,ASB,"LAN z hlediska kybernetické bezpečnosti. Zranitelnosti protokolů rodiny TCP/IP. Zabezpečení sítí LAN na úrovni síťových zařízení (switche, routery, firewally). Využití technologie VLAN. ",B,"Popsal jsem příklady zranitelností, z čeho plynou a jak by se mohly řešit. K VLAN jsem popsal princip fungování a k čemu to je z hlediska bezpečnosti dobré. Nechytal jsem se, když se mě pan Dostál ptal na to, čím ten provoz na VLANách vlastně dokážeme oddělit - nakonec jsme se dostali k tomu, že chtěl slyšet ACL.",
Kokeš Josef,2025 LS,TRUE,BEK,Zranitelnosti typu injection.,A,"Popsal jsem jednotlivé typy injection: SQL injection (i blind), file inclusion, XSS a obrany proti nim. Jediné, co chtěl podrobněji vysvětlit, bylo, jaký rozdíl udělají parametrizované dotazy v SQL injection, a co znamená obrana pomocí nepřímých odkazů ve file inclusion.",
Kokeš Josef,2025 LS,TRUE,BEK,"Zranitelnosti desktopových aplikací: Přetečení bufferu, DLL hijacking, chyby v C. Bez bližší specifikace.",,,
Prágl Miroslav,2025 LS,FALSE,DBS,"Transakce a jejich vlastnosti - ACID; plus otázka, co se stane, když serveru vypadne proud a jaké jsou mechanismy obnovy",A,,
Prágl Miroslav,2025 LS,FALSE,DBS,"Relační databáze, dotazování v relační algebře, základní koncepce jazyka SQL (SELECT, DDL, DML, DCL, TCL), vyjádření integritních omezení v DDL. Upřesnění: Popis vazeb v databázi, příklad SELECT dotazu (typy JOIN)",,,
Borkovcová Monika,2025 LS,FALSE,DBS,"Relační databáze, dotazování v relační algebře, základní koncepce jazyka SQL (SELECT, DDL, DML, DCL, TCL), vyjádření integritních omezení v DDL. Upřesnění: vysvětlete a popiště relační databázi, relační model dat a jazyk SQL. Soustřeďte se na základní konstrukce daného jazyka (SELECT, DDL, DML, DCL, TCL). Popiště využití integritních omezení v DDL.",A,"Napsal jsem definici relace a databáze, heslovitě popsal SQL (že je to relačně úplný dotazovací jazyk, z jakých komponent se skládá, ...) a pak ke každýmu jazyku napsal co znamená ta zkratka, v jedný nebo dvou větách k čemu slouží a dál přiklad jednoho nebo dvou základních příkazů. K integritním omezením jsem jen napsal, že omezují obor hodnot sloupce a pár jich tam vyjmenoval, dál že se mohou kontrolovat v různý čas. Ptala se mě na pár otázek, ani jednu z nich jsem nepochopil, chtěla slyšet něco o join using. Odpověděl jsem na to, jak jsem otázku chápal (většinou blbě), ona mi vždycky řekla správnou odpověď a já ji odkýval.",
Michal Valenta,2025 LS,FALSE,DBS,"Relační databáze, dotazování v relační algebře, základní koncepce jazyka SQL (SELECT, DDL, DML, DCL, TCL), vyjádření integritních omezení v DDL.",A,"Bez zamerania, Valenta mega pohode ale mal som tam asi 3 strany o vsetkom som mu popisal",
Legerský Jan,2025 LS,FALSE,DML,"Malá Fermatova věta, Eulerova věta a související pojmy (Eulerova funkce), ČVOZ",A,"Stačí jen definice, nebyl tam ani příklad. U ČVOZ se zeptal na zobecněnou verzi, kterou nechtěl celou, ale jen v čem je jiná ta podmínka existence řešení.",
Rybníčková Jitka,2024 LS,FALSE,DML,"Zameranie na modulárnu aritmetiku, prvočísla, Malá Fermatova a Eulerova věta, lineární kongruence, Čínská věta o zbytcích.",A,"U kongruencii som vynechal info o nejakých vlastnostiach ako to, že kongruencia implikuje pričítanie čísla ku kongruencii a násobenie kongruencie. P. Rybníčková sa na to dopýtala a bolo to v poriadku. Trochu som zazmätkoval ale upokojila ma a vyšlo to :)",
Jiřina Scholtzová,2025 LS,FALSE,DML,"Základy teorie čísel: dělitelnost, REA a diofantické rovnice, prvočísla, modulární aritmetika, Malá Fermatova a Eulerova věta, lineární kongruence, Čínská věta o zbytcích. Definice dělitelnosti, prvočíselného rozkladu, nej. spol dělitele/násobku, výpočet gcd/lcm z prvočíselného rozkladu, výpočet z REA a důkaz funkčnosti REA.",C,"Jak by řekl Karel Gott, tohle jsem ale skutečně nečekal. Definice pojmů nebyl problém a REA jsem uměl spočítat, nicméně korektnost jsem přesně přeskočil, snažil jsem se odvodit vztah. Konečnost jsem odvodil lehce (byť jsem si správně neformalizoval). Scholtzová se za mě místy rejpala v detailech, co mi přišly jako samozřejmost, takže jsem je neříkal / neuměl vyjádřit. Nicméně to, že jsem vařil a nedovařil bylo zřejmě vidět a za C jsem vlastně ještě rád.",
Kokeš Josef ,2024 LS,TRUE,EHA,"Základní typy zranitelností webových aplikací, jejich testování a náprava. Bezpečnostní mechanismy webových prohlížečů.",B,,
Dostál Jiří,2025 LS,TRUE,EHA,Etické hackování a penetrační testování. Metodologie provádění penetračních testů PTES a OWASP.,B,"Ptal se, jaký je hlavní rozdíl mezi etickým hackováním a penetračním testováním, rozdíly mezi black/white/grey hat attackers, potom jsem rozepsala jednotlivé metodologie podobně jako ve slidech, u post exploitation fáze chtěl slyšet ""protect the client, protect yourself""",
Buček Jiří ,2025 LS,TRUE,HWB,"Princip útoků postranními kanály. Typy postranních kanálů, časový útok na porovnání polí, útok jednoduchou odběrovou analýzou (SPA) na šifru RSA.",A,Ptal se co tedy zjistím z té SPA (privátní klíč) a jak z průběhu toho SPA ten klíč zjistím (tam kde je i multiply je log. 1). Ještě se ptal čím že se to násobí (základem toho mocnění (c)) .,
Buček Jiří ,2025 LS,TRUE,HWB,"Generátory skutečně náhodných čísel (TRNG), příklad konstrukce, základní vlastnosti. Srovnání s pseudonáhodnými generátory (PRNG).",A,"Vypsala víceméně všechno, co bylo v přednášce, ptal se na post processing a na to, jak presně můžeme kruhové oscilátory využít pro generování náhodných bitů (schéma s 2 čítači) a jaké bity poté využijeme.",
Buček Jiří ,2025 LS,TRUE,HWB,"IB 18 - Kontaktní a bezkontaktní čipové karty, princip činnosti a použití. Radiofrekvenční identifikace (RFID) a komunikace v blízkém poli (NFC). (Bez zúžení)",A,Doptal se na metody autentizace (co vím co mám co jsem) a nějaké další využití NFC než co jsem napsal. Frajer.,
Miškovský Vojtěch ,2025 LS,TRUE,HWB,Čipové karty,,,
Kodýtek Filip,2025 LS,FALSE,KAB,"Symetrické šifry blokové a proudové, základní parametry, operační módy blokových šifer, jejich základní popis a slabiny. Upřesnění na operační módy blokových šifer",B,,
Kokeš Josef,2025 LS,FALSE,KAB,"Šifra AES, její srovnání s DES a Salsou (nebo Cha-Chou, už nevím)",E,"Šlo čistě o implementaci AES a do nějaké míry druhých dvou šifer. Délka klíče, bloku, použité operace atd",
Pavlíček Josef,2024 LS,TRUE,KOM,"Transformace konceptuálního schématu (v ER nebo jiné notaci) na relační. Příklad na vytvoření konceptuálního schématu a následného převodu do relační podoby. Příklad byl na Man(klíč id, povinné a nepovinné atributy), Woman(klíč id, povinné a nepovinné atributy), Child(nepovinné atributy). Muž může být manželem ženy, dítě je identifikováno svými rodiči.",B,"Popsal jsem vše, co se týče klasické transformace (PKs, FKs, IOs), nepopisoval jsem všechny způsoby transformací vztahů, jen ty, které se týkaly příkladu. Dítě jsem udělal jako 1:1 slabou entitu, chtěl 1:M (muž nebo žena mohou mít více dětí). Vztah muž a žena jsem udělal také 1:1 a alternativně M:N + dekompozice na Manželství. Správně bylo asi M:N a dekompozice. Dítě pak mělo mít M:1 vazbu na manželství. Něco takového. Obecně stačí umět transformaci, příklad se už vymyslí celkem snadno.",
Pavlíček Josef,2024 LS,TRUE,KOM,"Transformace konceptuálního schématu (v ER nebo jiné notaci) na relační. Příklad na vytvoření konceptuálního schématu a následného převodu do relační podoby. Zadání: Animal_species(klíč id, nějaký unique atribut), Animal(name - mandatory, age). Animal má FZ na Animal_species (je jí identifikováno). Animal může mít potomka (has_a_child).",B,,
Suchánek Marek,2025 ZS,TRUE,KOM,"Konceptuální modelování, jeho význam, základní pojmy a způsoby modelování reálného světa. OntoUML a jeho konstrukty, transformace do objektového modelu. Zúženie: OntoUML. Vzťah medzi UML a UFO. Rozdelenie entít v OntoUML a v UFO",C," Počas prípravy mi nebolo jasné či sa mám venovať len zúženiu, alebo aj širšie okruhu. Spýtal som sa dozoru ktorý mi povedal že zúženiu a potom ak mi ostane čas tak celému okruhu. Čas mi neostal, ale p. Suchánek sa o širší okruh nezaujímal.Napísal som základné veci ku každej z podtém, dokopy asi jednú A4 pomerne veľkým písmom. Rozpísal som na odrážky tipy entít OntoUML ktoré poznám aby to vyzeralo že toho mám viac lol. K rozdeleniu entít špecificky v UFO som nenapísal nič, len v OntoUML.Pri skúške sa ma p. Suchánek spýtal na niekoľko detailov. Uviedol som ako príklad non-sortálov vodu a piesok, čo neboli dobré príklady, spýtal sa ma aký typ entít by to mal byť v OntoUML. Správne som odpovedal, že Quantity. Ďalej sa ma spýtal ako sa volajú tie „typy entít“ ako Kind, Phase, Role atď.. chcel počuť niečo iné než „typ entity.“ Nevedel som, chcel počuť že ide o interface. Mal ešte asi dve malé otázky, ale už si na ne nespomínam.Celkovo p. Suchánek pôsobil že ho to tam nebaví a že je tam za trest, ale nebol ku mne zlý.",
Scholtzová Jiřina ,2025 LS,FALSE,LA1,"Matice: součin matic, regulární matice, inverzní matice a její výpočet.",,,
Krásenský Jakub,2025 LS,FALSE,LA1,"Gaussova eliminační metoda. Celé znění Frobeniovy věty, vlastnosti a popis množiny řešení soustavy lineárních rovnic. Jaký je vztah mezi množinou
řešení soustavy lineárních rovnic a regularity matice. ",A,,
Kalvoda Tomáš ,2025 ZS,FALSE,LA1,"Soustavy lineárních rovnic: Frobeniova věta a související pojmy, vlastnosti a popis množiny řešení, Gaussova eliminační metoda. Zaměřte se na Gaussovu eliminační metodu, její princip a jak lze využít pro řešení lineárních rovnic.",B,,
Legerský Jan,2025 LS,FALSE,LA1,"Soustavy lineárních rovnic: Frobeniova věta a související pojmy, vlastnosti a popis množiny řešení, ilustrujte použitie Frobeniovej vety na príklade.",A,"Postupne som popísal všetko, čo sa vyskytlo v definicii, dopýtal sa ma na nejaké detaily okolo dimenze, mal som tam nejaku alternatívnu definíciu s bázi, tak že kedy nebude fungovať - keď je 0 a nekonečno.",
Scholtzová Jiřina ,2025 LS,FALSE,LA1,"Soustavy lineárních rovnic: Frobeniova věta a související pojmy, vlastnosti a popis množiny řešení, Gaussova eliminační metoda.",A,,
Petr Ivo,2025 LS,FALSE,LA1,"Matice: součin matic, regulární matice, inverzní matice a její výpočet, vlastní čísla matice a jejich výpočet, diagonalizace matice. - zúženo na vl. čísla, jejich výpočet a diagonalizaci.",A,,
Paták Pavel,2025 LS,FALSE,LA1,"Matice: součin matic, regulární matice, inverzní matice a její výpočet, vlastní čísla matice a jejich výpočet, diagonalizace matice. Zuzenie
na vlastne cisla a urcenie ci je matica diagonalizovatelna na zaklade vlastnych cisel. Priklad matica M = (1,0,0), (0,5,1), (0,0,5)",C,Popisal som vsetky definicie k danemu zuzeniu a vypocital vlastne cisla a ich nasobnosti. Domotal som podmienku geometrickej nasobnosti vlastnych cisel s diagonalizovatelnostou matice. ,
Dombek Daniel,2025 LS,TRUE,LA2,"BI-LA2: Ortogonalita a ortogonální báze: definice, vlastnosti, využití při počítání vzdáleností lineárních variet.",A,,
Starý Jan,2025 LS,FALSE,MA1,"Lokální extrémy, věta o lokálních extrémech, lokální extrémy funkce f(x) = x + sin x",A,"Napsal jsem definice, nutnou a postačující podmínku a pak udělal ten příklad.",
Jan Spěvák,2025 LS,FALSE,MA1,,B,"Spěvák strašně hodnej, +/- jsem to měla dobře, jen jsem nevěděla definici konvexní a konkávní funkce, tak jsem mu jen prstem ve vzduchu ukázala ""U - tohle je konvexní a to naopak konkávní"", začal se smát (asi ze zoufalství xD), nakonec mi jen ukázal na papír správnou definici a víc toho nechtěl",
Tomáš Kalvoda,2025 LS,FALSE,MA1(?),small O big O pro funkce - definice + jak se da to v některých případech rozhodnout pomoci limity,,,
Spěvák Jan,2025 LS,FALSE,MA2,"16. Zaměření bylo vyšetřování extremů funkce více proměnných, vysvětlit parciální derivaci, gradient, Hessovu matici, kvadratické formy a vlastní určení extrému",,,
Ondřej Bouchala,2025 ZS,FALSE,MA2,"Funkce více proměnných: diferenciální počet funkcí více proměnných (limita, parciální derivace, derivace, gradient, Hessova matice), kvadratické formy a jejich definitnosti, analytická metoda hledání lokálních extrémů funkcí více proměnných (bez omezení). Zúžení: Kvadratické formy a jejich definitnost, ukázat příklad vč. určení definitnosti. Vztah mezi definitností kvadr. forem a lokálními extrémy.",A,"Napsal jsem definice, ukázal lehký příklad na úpravu na čtverce a určení definitnosti. Doptával se jen pár detailů k definicím (Sylvestrovo kritérium, nutná podmínka k lok. extrém). Byl milý, bez problémů.",
Krásenský Jakub,2025 LS,FALSE,MA2,"15. Integrální počet funkce jedné proměnné (neurčitý integrál a Riemannův určitý integrál, metody integrace pomocí substituce a per partes), číselné řady a kritéria jejich konvergence, asymptotické odhady chování posloupností částečných součtů řad pomocí integrálu. Zaměření: Číselné řady, definice konvergence číselné řady, vyjmenovat některé kritéria konvergence, navrhnout konvergentní číselnou řadu s kladnými členy",A,,
Jan Legerský,2026 ZS,FALSE,MA2,"Integrální počet funkce jedné proměnné (neurčitý integrál a Riemannův určitý integrál, metody integrace pomocí substituce a per partes), číselné řady a kritéria jejich konvergence, asymptotické odhady chování posloupností částečných součtů řad pomocí integrálu. Zužení: Geometrický význam Reimanůva integrálu, odhad chování posloupnosti číselných součtu řád a ukazat použítu odhadu na harmonické řádě",C,"Napsala jsem min než půlku, ani nevědela jsem co je harmonická řáda, tuhle otazku jsem vůbec nečekala. Ale v zásadě jsem měla naznak jak sestavit ten integrál, co to vůbec je, samotnou větu o odhadech a ještě dlouho ze mě tlačil co je vůbec tá řada... Byl moc ochotný, netuším jak mě nevyhodili. Nic extra nedoptaval.",
Kalvoda Tomáš ,2025 LS,FALSE,MA2,"Vysvětlete geometrický význam Riemannova integrálu a napište, jak pro jeho výpočet můžeme využít neurčitý integrál",B,,
Petr Ivo,2025 LS,FALSE,MA2,"Funkce více proměnných: diferenciální počet funkcí více proměnných (limita, parciální derivace, derivace, gradient, Hessova matice), kvadratické formy a jejich definitnosti, analytická metoda hledání lokálních extrémů funkcí více proměnných (bez omezení). Zúžení: parciální derivace, gradient, hessova matice. Geometrický význam gradientu. Postup hledání lokálních extrémů.",D,"Sice jsem sepsal všechny definice, avšak hned tu první (na parciální derivace) jsem pokazil. Samozřejmě mě v tom momentu nenapadlo, kde je chyba a tak se ze mě pracně snažil vydolovat to co chtěl. Nakonec se ještě doptával na metody určení zda je matice PD/ND (nenapsal jsem to tam)",
Smítková Janků Ladislava,2025 LS,TRUE,ML1,"ML1: Nesupervizované učení – základní prinicipy, algoritmus k-means, DBSCAN. (bez specifikace)",A,,
Trdlička Jan,2025 LS,FALSE,OSY,Procesy a vlákna. Jejich implementace.,B,,
Vondra Tomáš,2025 LS,FALSE,OSY,"17. Procesy, vlákna, deadlocky, bez upřesnění",,,
Petr Zemánek,2025 LS,FALSE,OSY,"Virtualizace hlavní paměti stránkováním, principy překladu virtuálních adres na fyzické, struktura tabulek stránek, algoritmy pro nahrazování stránek.",B,"Napsal jsem a řekl zhruba všechno, co jsem si k tomu vypracoval. Ptal se pak na detaily, kontrétní velikosti stránek a na Translation Lookaside Buffer.",
Vogel Josef,2025 LS,FALSE,PA1,"PA1 casova slozitost algoritmu (Konkretne: casova slozitost jednotlivych algoritmu Bubble, Select atd., strategie urceni pivota)",,"prohlidl si moje O(n), nakreslil graf v zavislosti na n a zeptal se co to teda vlastne znamena, urceni pivota sem mu napsal ze nahodny zvoleni pivota je cajk, brat to ze zacatku/konce nedopada dobre, byl spokojenej a zeptal se mne jak zvolit ten median ze tri cisel tak sem mu rekl ze ty 3 cisla vyberem nahodne a on byl spoko",
Balík Miroslav,2025 LS,FALSE,PA1,"Datové typy v programovacích jazycích. Staticky a dynamicky alokované proměnné, spojové seznamy. Modulární programování, procedury a funkce, vstupní a výstupní parametry. Překladač, linker, debugger. Zameranie: dátové typy v jazyku C, možné operácie s nimi. Ukazatele a operácie, ktoré s nimi môžme vykonávať. Staticky a dynamicky alokované premenné.",A,"Napísal som všetko, čo bolo uvedené v zúžení. Pri ústnej skúške bol absolútne v pohode, pýtal sa čo sú statické premenné (keyword static). Ďalej sa spýtal kedy sa staticky alokovaná premenná dostáva do pamäti (záleží, či je globálna alebo lokálna) a následne sme sa dostali k rozdeleniu pamäti v programe (text, data, bss...).",
Žďárek Jan,2024 LS,FALSE,PA1,"Datové typy v programovacích jazycích. Staticky a dynamicky alokované proměnné, spojové seznamy. Modulární programování, procedury a funkce, vstupní a výstupní parametry. Překladač, linker, debugger. Zaměření: Staticky a dynamicky alokované proměnné, spojové seznamy. Modulární programování, procedury a funkce, vstupní a výstupní parametry.",C,,
Kokeš Josef,2025 LS,FALSE,PA1,"Datové typy v programovacích jazycích. Staticky a dynamicky alokované proměnné, spojové seznamy. Modulární programování, procedury a funkce, vstupní a výstupní parametry. Překladač, linker, debugger. Zaměření: Překladač, linker, debugger",B,"Napsal jsem, ze se program zkompiluje (proc se kompiluje atd, ze tam probihaji nejake optimalizace) a potom linkuje, chtel vedet proc se to dela ve 2 krocich, to jsem nerekl. Pak jsem popsal co dela debugger. Jina cast otazky ho nezajimala. ""horsi B""",
Vogel Josef,2025 LS,FALSE,PA2,"Abstraktní datový typ, jeho specifikace a implementace. Zásobník, fronta, pole, seznam, tabulka, množina. Implementace pomocí spojových struktur, stromů a pole. ADT Množina.",C,"Popsal jsem implememntaci množin, doptal se na množinové operace. Nevěděl jsem signatury a axiomy, pospal jsem mu obecně co to je, ale chtěl pojmy.",
Matoušek,2025 LS,FALSE,PA2,"Otázka o polymorfizme, upresnenie: čo je to slicing",A,"Nevedel som vôbec čo je slicing a tak mi to sám vysvetlil, nakoniec sa ma spýtal na čo je dobrý polymorfizmus ""aby mi mohol dať to Ačko"" ",
Vogel Josef,2025 LS,FALSE,PA2,"Objektově orientovaného programování v C++, zapouzdření, dědičnost, atributy a metody, statické atributy a metody, virtuální metody, polymorfismus, abstraktní třídy, výjimky, šablony, přetěžování operátorů, mělká a hluboká kopie. Zaměření: Polymorfismus, podmínky, jeho implementace a využití v C++.",A,"Mega chillman, upřímně jsem to na přípravě šíleně okecával, protože nevím moc co o tom napsat, ale prý se mu to líbilo :D. Napsal jsem tam obecný věci, že můžeme lehce pracovat s objekty, které dědí a přepisují metody svých rodičů (nelíbil se mu název rodič-potomek, říkal něco jako bázová třída). Napsal jsem mu tam i basic ukázku zvířátka, pejska a kočičky a doptával se na to co je to VMT, kde je to uloženo a kdy je vytvořena. TLDR: vytvořena během kompilace, pro každou třídu a je uložena jako const (v bss asi?) a v každé třídě je pointer na tu její tabulku. To jsem moc nevěděl, ale pomáhal mi se k tomu dostat.",
Zkoušející,Semestr,Oborová,Předmět,Otázka,Známka,Poznámka,@dropdown
Fesl Jan,2025 LS,FALSE,PSI,Systém doménových jmen (DNS),B,"Napsala jsem základní informace o dns, které jsou ve slidech, ptal se na dzz a jaké jsou jeho typy (a, aaaa, ns, mx, ptr), jak vypadá reverzní dotaz, dnssec. Ptal se k čemu se ještě používá dns a chtěl slyšet load balancing.",
Yelena Trofimova,2025 LS,FALSE,PSI,"25. Zúžení na NAT. Popis NAT na síťové a transportní vrstvě, k čemu tyto dvě vrstvy slouží. Na jakém zařízení obvykle pracuje NAT. Jakým způsobem a s jakými položkami hlavičky dat NAT pracuje. Veřejné a privátní IP adresy a jejich souvislost s NAT.
",A,,
MIroslav Prágl,2025 LS,FALSE,PSI,"OSI/ISO model, linková a síťová vrstva - Mějme firemní síť - na modelu komunikace mezi dvěmi stanicemi nebo mezi stanici a serverem v internetu popište komunikaci, protokoly a použité vrstvy",A,"Jen jsem nakreslil 2 stanice spojene pres switch a ten do routeru, ktery vede do netu. Napsal jsem, že ty dve stanice mezi sebou potrebuji MAC adresu a pro komunikaci s netem IPv4. Popsal jsem IPv4, switch, prepínání, ICMP, ARP, DHCP. Doptal se pak k cemu je IPv6, a jestli znam neco k dynamickemu smerovani. OBECNE MEGA V POHO TYPEK",
Moucha Alexandru,2025 ZS,FALSE,PSI,"ISO/OSI model, enkapsulace a dekapsulace posílaných dat, princip IP adresace. Linková vrstva, podvrstvy LLC. MAC, síťová zařízení, princip přepínání. Virtuální sítě (VLAN). Síťová vrstva, směrovače, princip směrování, protokoly IPv4 a IPv6, statické a dynamické směrování. 
Upřesnění: vysvětlení přepínání Ethernet, směrování IP. Směrovač připojený ke dvěma sítím, jedna síť 10.0.0.0/8, PC s adresou 10.1.1.1, druhá síť 8.0.0.0/8, na směrovači NAT, veřejná adresa 1.2.3.4, nexthop směrem do sítě 8.0.0.0/8 s adresou 1.2.3.5, vysvětelete co se stane když PC pošle PRVNÍ packet na adresu 8.8.8.8.",A,,
Černý Viktor,2025 LS,FALSE,PSI,"Transportni vrstva, protokol TCP, spolehlivost doručení paketů, zahlcení, srovnání s protokolem UDP. Překlad síťových adres (NAT) na síťové a transportní vrstvě. Systém doménových jmen (DNS). Zadání bylo rozepsanější, chtěl popis jaký účel má transportní vrstva, jaké rozdílné a společné vlastnosti má TCP a UDP, jak se zajišťuje spolehlivost doručení paketů. Pak co je to zahlcení, jak se mu dá předcházet. A jak protokoly TCP a UDP souvisí s NATem. ",A,"Byl spokojený s tím, co jsem mu napsal. Doptal se co je port - stačilo že číslo, jak vypadá hlavička TCP/UDP - chtěl slyšet jenom že je tam zdrojový a cílový port.",
Černý Viktor,2025 LS,FALSE,PSI,"IP adresy a DNS, upřesnění: Napsat rozdíly mezi IPv4 a IPv6 adresou, jak souvisí maska s adresou podsítě, jak souvisí doménové jméno s IP adresou, jaké máme druhy DNS serverů a dotazů, jak probíhá vyhodnocení DNS dotazu.",,,
Černý Viktor,2025 LS,FALSE,PSI,"ISO/OSI model, enkapsulace a dekapsulace posílaných dat, princip IP adresace. Zaměření: Stručně popiště co dělají první čtyři vrstvy ISO/OSI modelu, ke druhé až čtvrté vrstvě napiště dva nejznámější protokoly. Popište jak funguje a kde probíha enkapsulace a dekapsulace dat. Princip IP adresace.",A,,
Kokeš,2025 LS,FALSE,PSI,"ISO/OSI model, enkapsulace a dekapsulace posílaných dat, princip IP adresace. Linková vrstva, podvrstvy LLC. MAC, síťová zařízení, princip přepínání. Virtuální sítě (VLAN). Síťová vrstva, směrovače, princip směrování, protokoly IPv4 a IPv6, statické a dynamické směrování.",,"Doptaval se na vyznam ISO vrstev, k cemu je kazda",
Smítka Jiří,2025 LS,FALSE,PSI,"ISO/OSI model, enkapsulace a dekapsulace posílaných dat, princip IP adresace. Linková vrstva, podvrstvy LLC. MAC, síťová zařízení, princip přepínání. Virtuální sítě (VLAN). Síťová vrstva, směrovače, princip směrování, protokoly IPv4 a IPv6, statické a dynamické směrování. zameření: něco co je router/switch, jaky je mezi nimi rozdíl, co je bridge",A,"Docela free, napsal jsem i věci na co se neptal (neměl jsem co těch 40min dělat), něco škrtnul, něco ne, vesměs se na nic extra nepsal a stačilo vše na papíru, až na nějakou drobnost.",
Smítka Jiří,2025 LS,FALSE,PSI,DNS - reverzní překlad,D,"Popsal jsem celý proces překladu DNS: doména -> IP, včetně všech serverů, ale nevěděl jsem, jak funguje reverzní překlad, ani jsem se to neučil.",
Moucha Alexandru,2024 LS,FALSE,PSI,TCP vs UDP,A,,
Smítka,2024 LS,FALSE,PSI,"Switche, MAC adresy, způsob předávání rámců, nalezení gateway v lokální síti",,,
Kokeš Josef,2025 LS,FALSE,PSI,"ISO/OSI model, enkapsulace a dekapsulace posílaných dat, princip IP adresace. Linková vrstva, podvrstvy LLC. MAC, síťová zařízení, princip přepínání. Virtuální sítě (VLAN). Síťová vrstva, směrovače, princip směrování, protokoly IPv4 a IPv6, statické a dynamické směrování. Blíže nespecifikováno.",A,"Na papír jsem napsal OSI model, o IP adresaci a linkové vrstvě a VLAN, o síťové vrstvě a dalších věcech jsem nic napsat nestihl. Potom se mě doptával na IPv6, já pravil jen že to je na dlouhé povídání a že adresa IPv6 má 128 bitů a to mu stačilo.",
     ,2025 LS,FALSE,PSI," ISO/OSI model, enkapsulace a dekapsulace posílaných dat, princip IP adresace. Linková vrstva, podvrstvy LLC. MAC, síťová zařízení, princip přepínání. Virtuální sítě (VLAN). Síťová vrstva, směrovače, princip směrování, protokoly IPv4 a IPv6, statické a dynamické směrování. (Bez zaměření)",,"Otázka byla bez zaměření, tak jsem tedy napsal co jsem zrovna vybavil. Ptal se o jakou vrstvu ISO modelu se stará operační systém (o trasportní?). Ptal se na jaké vrstve ISO modelu běží DHCP (Aplikační?)",
Vacková Jana,2025 LS,FALSE,PST,"Náhodné veličiny, diskrétní a spojité náh. veličiny, rozdělení náhodných veličin",C,,
Vacková Jana,2025 LS,FALSE,PST,"SPOL.21-27: Základy matematické statistiky, náhodný výběr, bodové odhady pro střední hodnotu a rozptyl, intervalové odhady pro střední hodnotu, testování statistických hypotéz o střední hodnotě. Zaměření na bodové a intervalové odhady střední hodnoty. A hlavní rozdíly mezi nimi.",A,"Nejprve jsem definoval náhodný výběr a výběrový průměr, potom jsem popsal bodový odhad (aproximace parametru, definice, nestrannost, konzistentnost) pak jsem napsal, že výběrový průměr je nestranným a konzistentním odhadem parametru mí. Pak jsem neveděl co napsat, tak jsem popsal metodu momentů (na exponenciálním rozdělení). Potom jsem popsal intervalové odhady (interval spolehlivosti plus vzoreček se známým i neznámým rozptylem). Na závěr jak se liší. Popsáno 3,5 A4. Doptávala se hlavně na to co nemohla přečíst (bohužel já taky ne) a nakonec na CLV v intervalových odhadech.",
Hrabák,2025 LS,FALSE,PST,"Pravidla pro výpočty pravděpodobností, Bayesův vzorec. Náhodné veličiny, příklady rozdělení, distribuční funkce, hustota, momenty. Nezávislost náhodných jevů a veličin. Centrální limitní věta, zákony velkých čísel. Zaměřte se na nezávislost náhodných jevů a veličin.",D,"Napsal jsem v podstatě vše, ale měl trochu zmatek v některých pojmech (distribuční funkce a hustota pravděpodobnosi) a značení (co se značí velkými a co malými písmeny), ale s  pár menšími a jedné hodně velké nápovědě jsem zodpověděl vše na co se Hrabák ptal. Hrabák byl při zkoušení příjemný a když jsem něco nevěděl tak pomáhal, ptal se pouze na věci co se mu v papíru nelíbyli, zbytek řekl že mám ok. Celkově jsem čekal spíš C, ale dostal jsem D.",
Petr Ivo,2025 LS,FALSE,PST,"Základy matematické statistiky, náhodný výběr, bodové odhady pro střední hodnotu a rozptyl, intervalové odhady pro střední hodnotu, testování statistických hypotéz o střední hodnotě. Zúženie: náhodný výber, vyberový priemer, rozptyl. Konfidenčné intervaly pre strednú hodnotu, hypotézy o strednej hodnote",A,,
Dedecius Kamil,2025 LS,FALSE,PST,"Pravidla pro výpočty pravděpodobností, Bayesův vzorec. Náhodné veličiny, příklady rozdělení, distribuční funkce, hustota, momenty. Nezávislost náhodných jevů a veličin. Centrální limitní věta, zákony velkých čísel. Zaměřte se na náhodnou veličinu, linearitu náhodné veličiny a momenty",A,,
Dedecius Kamil,2025 LS,FALSE,PST,Distribuční funkce,,,
Hülle Robert,2025 LS,FALSE,SAP,"Kódy pro zobrazení čísel se znaménkem a realizace aritmetických operací (paralelní sčítačka/odčítačka, realizace aritmetických posuvů, dekodér, multiplexor, čítač). Reprezentace čísel v pohyblivé řádové čárce. Zúžení: reprezentace čísel v doplňkovém kódu, sčítání, posuvy, detekce overflow.",A,"Popsal jsem fungování čísel v doplňkovém kódu, co se děje v jednotlivých posunech, následně jsem napsal co je overflow a nakreslil 3-bitovou sčítačku/odčítačku s detekcí overflow pro doplňkový kód (takovou tu z přednášky). Byl spokojený, jediné, co chtěl ještě vědět, bylo, jak se detekuje overflow v aritmetickém posunu, což ze mě musel páčit (odpověď: pokud posouváte doprava, tak k overflow nikdy nedojde, pokud doleva, tak porovnáváte, jestli se změnil první bit nebo ne).",
Hülle Robert,2025 LS,FALSE,SAP,"Architektura číslicového počítače, instrukční cyklus počítače, základní třídy souborů instrukcí (ISA). Paměťový subsystém počítače, paměťová hierarchie, skrytá paměť (cache). Zaměřte se na architekturu číslicového počítače, popište instrukční cyklus počítače.",A,"Doptával se na to, co vůbec vlastně znamená ""oddělená paměť pro instrukce a data"". Ptal se, kdy nastává přerušení. Otázku jsem víceméně napsala podle APS, doptával se na to, co je RISC a CISC, jaké jsou rozdíly, což ani nevím, jestli se v SAPech bere :DD Též ho zajímaly typy ISA",
Štepanovský Michal,2025 LS,FALSE,SAP,"Spol 30 - Kódy pro zobrazení čísel se znaménkem a realizace aritmetických operací (paralelní sčítačka/odčítačka). Reprezentace čísel v pohyblivé řádové čárce. (""Zúžení"" nebyly tam posuvy, čítače apod)",A,"Doptal se abych ukázal jak převést desetinné číslo do IEEE 754. Taky chtěl slyšet název jiného principu než je paralelní sčítačka - stačilo říct ""carry look-ahead"" bez vysvětlení. Jinak mega chill.",
Daňhel Martin,2024 LS,FALSE,SAP,"Zaměřte se na architekturu číslicového počítače, rozdíl mezi von Neumannovou a Harvardskou architekturou, popište blokové schéma instrukčního cyklu počítače, co je to ISA a rozdíl mezi zásobníkovou a GPR ISA, a kdy a jak vzniká přerušení. (prostě první část BI-SPOL-28)",,"U přerušení chce vědět co přesně se děje, jak se skáče z paměti, snažil se mi pomoct tím, že se mnou chtěl probrat jestli si vzpomenu co se dělo když jsme na cvikách SAPů zvyšovali hodnotu čítače, a pak došlo k přerušení, tak co se přesně dělo.",
Hülle Robert,2024 LS,FALSE,SAP,"Kombinační a sekvenční logické obvody (Mealy, Moore), popis a možnosti implementace na úrovni hradel. Minimalizace vyjádření logické funkce s využitím map. Zaměřte se na návrh sekvenčních logických obvodů. Uveďte jednoduchý příklad.",,,
Hülle Robert,2024 LS,FALSE,SAP,"Kódy pro zobrazení čísel se znaménkem a realizace aritmetických operací (paralelní sčítačka/odčítačka, realizace aritmetických posuvů, dekodér, multiplexor, čítač). Reprezentace čísel v pohyblivé řádové čárce. Zaměřte se na reprezentaci čísel v pohyblivé řádové čárce.",,,
Kohlík Martin ,2024 LS,FALSE,SAP,"Sekvenční logické obvody (Mealy, Moore), popis a možnosti implementace. (naopak bez kombinačních)",A,,
Novotný Martin,2024 LS,FALSE,SAP,"Kombinační a sekvenční logické obvody (Mealy, Moore), popis a možnosti implementace na úrovni hradel. Minimalizace vyjádření logické funkce s využitím map.",A,"Napsal jsem mu tam to, co říkal na nalejvárně.",
Vágner Ladislav,2025 LS,FALSE,SAP,Reprezentace čísel v posuvné řadové čárce,C,"Nečekal jsem, že mě z tohohle bude zkoušet Láďa, napsal jsem reálně vše, co k tomuhle zužení jde napsat (přibližně celý ten jeden list). Pak se mě začal doptávat, který exponent vybíráme, když sčítáme 2 čísla, což jsem nevěděl. Následně mi zdůraznil, že IEEE standard má zásadně 64b float.",
Skrbek Miroslav,2025 LS,FALSE,SAP(APS),"Paměťová hierarchie se skrytou pamětí (cache memory), principy lokality a fungování skryté paměti. Architektura přímé, částečně asociativní, plně asociativní skryté paměti.",,,
Jureček Martin,2025 LS,TRUE,UKB,"Hrozby síťové bezpečnosti, základní kategorie síťových útoků, principy DoS útoků (konkrétní příklady/techniky). Principy obrany proti síťovým útokům v moderních sítích.",A,,
,2024 LS,FALSE,XYZ,Text,Voliteľné,"Napíšte pocit, viac info...",
Kokeš Josef,2025 LS,TRUE,ZSB,"Forenzní analýza souborových systémů, principy, možnosti obnovy smazaných dat",C,"Vůbec jsem ji nečekal, takže jsem to moc neuměl (resp uměl těch par věcí, co bylo ve slidech, ale jen povrchně). Bez upřesnění, ale chtěl vědět konkrétně, co se tam děje, jak bych tedy postupoval při obou způsobech (takže slidy tomu vůbec nepomohly). Myslel jsem, že mě vyhodí, ale dost mě podržel a snažil se napovídat.",
Guth Ondřej,2024 LS,FALSE,,,B,"Napsal jsem definice všeho, co je v zadání. Determinizaci jsem popsal na jednoduchém příkladu, minimalizaci jsem popsal high-level, oboje stačilo. Zasekl jsem se u toho, když jsem měl vyřešit jednoduché příklady (návrh gramatiky, řešení rovnice), nějak jsem se do toho zamotal.",
Jureček Martin,2025 LS,TRUE,,???,,,
Borkovcová Monika,2025 LS,TRUE,,"Životní cyklus projektu. Výchozí podmínky, vize a cíle projektu, strategický a akční plán, ukazatele postupu, matice odpovědnosti.",A,,
Borkovcová Monika,2025 LS,TRUE,,"Obchodní procesy, BPMN",,,
Buchtela David,2025 LS,TRUE,,MI.21-4: Klasifikace a kalkulace přímých a nepřímých nákladů v podniku. Nákladová funkce a bod zvratu. Strategie stanovení prodejní ceny produktu.,A,,
David Buchtela,2025 LS,TRUE,,Dlouhodobý a oběžný majetek ve finančním účetnictví. Účetní a daňové odpisy majetku.,B,"U ústní se mě ptal na to, jak postupovat, když se liší účetní a daňové odpisy (snížením/zvýšením daňového základu)",
Hunka Jiří ,2025 LS,TRUE,,"Zaměření na analýzu a správu požadavků, cíle, kategorizace, kdy je navrhujeme, diagram, UC/scénáře a ukázat na nějakém svém příkladu jednoduchém ",,,
Jiří Hunka,2025 LS,TRUE,,"Klasické a agilní metodiky vývoje software (základní principy, vhodnost použití, řešené problémy). 
Základní popis metodik Unified Process (UP) a SCRUM.
Zúžení: definice metodiky vývoje software, agilní metodiky (definice, princip, výhody, nevýhody)",B,"Hunka je gigachad, popsala jsem jen půl stránky, netušila jsem skoro nic, tak nějak řekl, že s tím, co tam je, souhlasí, ale že to spolu rozvedeme, ptal se na nějaký věci, co šly z jeho otázky fakt zodpovědět i bez jakýkoliv znalosti a pak se taky ptal stylem ""tohle by mělo být takhle, že jo?"" a stačilo odkývat",
Valenta Michal,2024 LS,TRUE,,Normalizace relačního schématu - uvést příklad v jakých případech je vhodné provést normalizaci a kdy ne,A,"Popsal jsem všechny normální formy včetně příkladů normalizace. Dál se mě zeptal, co je to funkční závislost, kdy se nevyplatí normalizovat databázi a zda se při normalizaci zvyšuje počet tabulek.",
Pavlíček Josef,2024  LS,TRUE,,"Pokročilé principy dotazování v SQL: agregace, vnější spojení, vnořené dotazy, všeobecná kvantifikace. Zaměřte se na levé spojení, vysvětlete toto spojení na dvou entitách, jak v SQL, tak relační algebře ",,,
Michal Valenta,2025 ZS,TRUE,,"Modelování obchodních procesů (UML diagram aktivit), analytický doménový model (UML diagram tříd, UML stavový diagram), analýza a správa požadavků (cíle, kategorizace, UML diagram případů užití, scénáře případů užití). Zúžení: UML diagram tříd, ukázat praktický příklad.",A,"Napsal jsem k čemu class diagram je, co jsou entity, atributy, metody, vztahy (dědění a klasický vztah). Parcialita, kardinalita. Na příkladu jsem ukázal 2 entity se vztahem + dědění. Doptával se na ten příklad hlavně, zejména na parcialitu.",
Pauš Petr,2025 LS,TRUE,,"Rozšířená realita(XR) - základní principy, frameworky, enginy, použití, technologie",A,,
Schmidt Jan,2025 LS,TRUE,,"24. Průzkum uživatelů, doménová a kontextová analýza. Vyjmenovat hlavní fáze...",B,,
Schmidt Jan,2025 LS,TRUE,,"Prediktivní a interpretativní metody vyhodnocování a testování uživatelských rozhraní. Testování použitelnosti. Zaměření: Expertní metody, jejich
úlohy a nevýhody.",A,,
Petr Pauš,2025 LS,TRUE,,"Filtrace v prostorové oblasti - Vyjmenujte a popište filtry, vysvetlete konvoluci na 2D bitmapovem obrazu",A,"Popsal jsem co je filtrace, konvlouce, filtr - linearni/nelinearni a jake filtry znam, k  cemu jsou. Pak se akorat doptal, jak doplnime okraje, kdyz pocitame krajni pixely",
Kubátová Hana,2025 ZS,TRUE,,"Systémy reálného času, jejich klasifikace a základní terminologie. „hard“ a „soft“ systémy, periodické, sporadické a aperiodické systémy, systémy řízené časem a/nebo událostmi. WCET. Upřesnění: Vysvětlit na příkladu rozdíl mezi systémy řízenými událostmi a časem.",A,,
Martin Kohlík,2026 ZS,TRUE,,"Vztah mezi proudem a napětím na rezistoru, kondenzátoru a cívce, sériové a paralelní řazení shodných prvků (rezistorů, kondenzátorů a cívek).",A,"Stačilo mu v zásadě tří rovnice na proud-napětí a ještě šest na spojení, nic jiného nechtěl, takže celkem pohoda.",
Hunka Jiří ,2025 ZS,TRUE,,"Pokročilé principy dotazování v SQL: agregace, vnější spojení, vnořené dotazy, všeobecná kvantifikace. Vnější spojení - vysvětlete na přikladech; vnořené dotazy - ve kterych prikazech se muzou objevit, co jsou (ne)vztazene dotazy",,,
Matoušek Jan,2025 ZS,TRUE,,"Pokročilé principy dotazování v SQL: agregace, vnější spojení, vnořené dotazy, všeobecná kvantifikace. Zaměřte se na agregační funkce, jak fungují, potřebné příkazy a popište na vhodném příkladu.",,,
Jan Matoušek,2025 LS,TRUE,,"Ukázát příklad REST api, diskutovat jak reprezentovat chybové stavy",,,
Jan Matoušek,2025 LS,TRUE,,Transformace konceptuálního schématu (v ER nebo jiné notaci) na relační: Na vhodných příkladech ukažte transformaci různých vazeb podle kardinality a silné/slabé entity,A,,
Jan Matoušek,2025 LS,TRUE,,"Transformace konceptuálního schématu (v ER nebo jiné notaci) na relační. Zameranie: Na vhodných príkladoch ukážte transformácie rôznych kardinalít a parcialít, silné a slabé entity. Definujte všetky použité pojmy.",A,"Na vymyslených príkladoch som popísal všetky možné transformácie, ISA som nestihol dokončiť. V definíciách som ""definoval"" kardinalita, parcialita, slabá a silná entita. Pri skúšaní sa bližšie pýtal na ""množinový""/relačný zápis cudzích kľúčov (taký ten zápis s podmnožinou) a čo tam znamenajú jednotlivé strany. Ďalej mi potom ešte sám vymyslel príklad na transformáciu M:N kde jedna strana je slabá entita a chcel aby som to spravil na papier. Bol milý a absolútne v chille.",
Jan Matoušek,2025 LS,TRUE,,Způsoby rychlého přístupu k datům. Zaměřte se na indexy a jejich vlastnosti,B,Extremne vychillenej říkal jsem tam blbosti a byl v pohodě. ,
Jiří Hunka,2025 LS,TRUE,,"Transformácia konceptuálneho na relačný, ak viete tak aj do DDL, vysvetliť na 1:1, 1:N s rôznymi kardinalitami",B,,
Mlejnek Jiří,2025 LS,TRUE,,"Nástroje pro podporu tvorby softwarových produktů: Sledování chyb a správa úkolů (používané nástroje, typický životní cyklus úkolu/chyby), správa a sdílení zdrojových kódů (principy řešení spolupráce, hlavní přínosy, používané nástroje).",B,"Byl tam celý okruh. Popsal jsem skoro vše, ale zapomněl jsem na zamykací režim a nemohl jsem si vzpomenout ani potom, co mi fakt dost napovídal.",
Mlejnek Jiří,2025 LS,TRUE,,"Zajištění kvality software: Typologie testů, black vs. white box, automatizace testů, statická analýza kódu, code review, zranitelnosti aplikací.",A,"Celá otázka, free",
Novák Petr,2025 LS,FALSE,,"Testovanie hypotéz, intervalové odhady pre strednú hodnotu.",C,"Veľmi milý prístup, spravil som chybu, že som napísal niečo, čím som si nebol 100% istý (nevedel som si spomenúť ako sa volá HLADINA SPOLEHLIVOSTI), ináč som mal všetko spísané veľmi stručne a potom sa ma dopytoval na jednotlivé časti z intervalu so strednou hodnotou, čo som mu vysvetlil, taktiež sa ma opýtal, ak nepoznám rozptyl ako by som to vyriešil => výberový rozptyl, snažil sa zo mňa vytiahnuť chybu 1. a 2. rádu, čo som vôbec nevedel a dal mi viac než dosť nápovied ale mal som úplné okno, s C som spokojný myslím, že to presne odráža, čo som predviedol",
Ondřej Rozinek,2025 LS,TRUE,,Transformace ER modelu na model relační. Ukázat M:N vztah.,,,
Pavlíček,2025 LS,TRUE,,"Transformace konceptuálního schématu (v ER nebo jiné notaci) na relační. + příklad, ve kterém bylo potřeba vymodelovat zadané entity (zvíře, druh_zvířete, ZOO) v ER notaci a následně převést na relační schéma, zapsané pomocí relační algebry.",A,"Celkem pohoda jediné co jsem nevěděl bylo jak se značí povinnost a unikátnost atributů v relačním modelu. (* - povinny, o - nepovinny, # - klíč, U - unique)",
Pavlíček Josef,2025 LS,TRUE,,"Převod konceptuálního schématu na relační. Nechtěl teorii, šlo jenom o konkrétní příklad - namodelovat Muž, Žena, Dítě s nějakými povinnými a nepovinnými atributy. Muž a žena můžou ale nemusí být v manželství, dítě musí mít otce i matku. Pak to převést do relačního modelu.",B,"S konceptuálním byl spokojený, akorát jsem popletl povinnost - popsal jsem to dobře, ale prohodil jsem která strana je čárkovaná a která plná. Akorát to nakreslil správně a nehrotil. S tím relačním jsem byl dost mimo, zapomněl jsem jak to správně vypadá a vařil jsem z vody. Dost jsme se točili v kruhu okolo id toho dítěte - mělo být že má id obou rodičů povinně + ještě nějaký parametr součástí id. Myslím že jsme oba řikali to samý ale nechápali jsme se. Nakonec to vzdal a šel dál. Pak mi tam ještě zapisoval nějaký vztahy s podmnožinama, to jsem vůbec netušil, ale dělal jsem že vím a odkýval jsem mu to.",
Pavlíček Josef,2025 LS,TRUE,,"Pokročilé principy dotazování v SQL: agregace, vnější spojení, vnořené dotazy, všeobecná kvantifikace. Zaměření: left join v SQL a RA, demonstrovat na příkladu.",A,"Ptal se i na RA, a jak by se udělal left join pouze s naturálním spojením.",
Rybola Zdeněk ,2025 LS,TRUE,,"18. Vzory používané během návrhu, Zaměření na Abstraktní továrnu a Továrnu, uvést příklady",,,
Suchánek Marek,2025 LS,TRUE,,"Konceptuální modelování, jeho význam, základní pojmy a způsoby modelování reálného světa. OntoUML a jeho konstrukty. Upřesnění: Co je to OntoUML, vztah OntoUML a UFO, kategorizace entit v OntoUml a UFO",,,
Suchánek Marek,2025 LS,TRUE,,"Konceptuální modelování, jeho význam a přínosy pro vývoj softwaru. Formální vs. neformální jazyky a diagramy. Příklady.",A,,
Tomáš Zahradnický,2025 LS,FALSE,,Minimalizace logických funkcí s použitím Karnaughovych map + nakreslit příklad pro 4 proměnné. ,,,
Valenta Michal,2025 LS,TRUE,,"Specifikace omezení v modelech, jazyk OCL.",A,"Stačil basic popis omezení v modelu, měl jsem to napsaný jen na ten kousek volného místa na přední straně papíru (asi 3/4), ukázka jednoduchého ocl a vesměs doplňující dotazy neměl.",
Valenta Michal,2025 LS,TRUE,,"Kontinuální integrace, nástroje pro sestavení aplikace, definice pipeline, release management, sémantické verzování, nasazení aplikace, správa prostředí, přínosy kontejnerizace a používané nástroje. Bez zaměření",,,
Bělohoubek Jan,2024 LS,FALSE,,"Kódy pro zobrazení čísel se znaménkem a realizace aritmetických operací (paralelní sčítačka/odčítačka, realizace aritmetických posuvů, dekodér, multiplexor, čítač). Reprezentace čísel v pohyblivé řádové čárce. Zaměření: Reprezentace čísel v pohyblivé řádové čárce ve standardu IEEE 754, výhody oproti pevné řádové čárce.",B,"Dost jsem se polekal, protože to zúžení otázku zúžilo tak na 5 řádků textu, což mi přišlo strašně málo, tak jsem pro jistotu napsal že rád případně doplním i reprezentaci celých čísel případně a na druhou stranu nakreslil aspoň realizaci sčítačky a posuvů. Doptání na kolik bitů patří mantise a exponentu podle daného standardu, a trošku jsem si naběhl tím kreslením sčítačky a posuvů na doptání co je barrel shifter a k čemu je predikce u sčítačky.",
Borkovcová Monika,2024 LS,TRUE,,Transformace konceptuálního schématu (v ER nebo jiné notaci) na relační.,,"Bylo u toho napsané zaměření, ale bohužel už si ho nepamatuju. Vím jen, že chtěla slyšet, jaké existují datové typy. ",
Buchtela David,2024 LS,TRUE,,"Majetková a kapitálová struktura, bilanční pravidla a způsoby jejich (ne)dodržování - bez zúžení",,,
Jureček Martin,2024 LS,FALSE,,"Používejte spisovný jazyk. Mnohem lépe se to čte a nestane se tak, že by člověku utkvěla v hlavě neformální formulace.",,,
Mlejnek Jiří,2024 LS,TRUE,,"Pokud používáte zkratky, vysvětlete je. I se sebeznámějšími zkratkami se někteří možná ještě nesetkali, snažte se je prosím při jejich prvním použití v textu vysvětlit. Rozhodně se pak hodí do úvodu vytvořit seznam a vysvětlení pojmů, které se vyskytují ve velké části textu.",,,
Starý Jan,2024 LS,FALSE,,"asymptotické chování funkcí a posloupností (horní, dolní a těsné asymptotické meze)",C,,
Knop Dušan,2025 LS,TRUE,,"Ortogonalita a ortogonální báze: definice, vlastnosti, využití při počítání vzdáleností lineárních variet. Upřesnění: popsat proces, jak se hledá ortogonální báze",A,"Popsal jsem Gram-Schmidta, napsal definice ortogonality a ortogonální projekce. Ptal se mě na rozdíl mezi OG a ON souborem a využití ortogonality (proč se ortogonalizace dělá). Byl úplně v pohodě, asi za minutu mě poslal pryč.",
Čepek Miroslav,2025 LS,TRUE,,Metrika - definice a příklady. Metoda nejbližších sousedů pro klasifikaci i regresi. Aglomerativní hierarchické shlukování.,A,"Velice v pohodě. Zeptal se co je výpočetně náročné na shlukování (najít ty nejbližší body, výpočet jejich vzdáleností) a jak to zrychlit (předpočítáním matice vzdáleností)",
Daniel Dombek,2025 LS,TRUE,,"Ortoganalizace, ortogalne bazy, definice, vlastnosti,  vyuziti pri vzdalenosti 2 variet
+zameranie/dodefinovanie: napiste aj definicie normy a skalarny sucin",B,Dombek pohode celkom pytal sa ci rozumiem tym veciam a pytal sa co mi niekde chyba lebo som tam nemal napr ze pre všetky x co patria do telesa pri tych definiciach,
Dedecius Kamil,2025 LS,TRUE,,"Nesupervizované učení – základní prinicipy, algoritmus k-means, DBSCAN. Zaměření na popis K-Means",A,"Doptával se ještě na to co je to metrika, jestli algoritmus vždy doběhne stejně, jak volit k.",
Dedecius Kamil,2025 LS,TRUE,,"Lineární regrese – metoda nejmenších čtverců, geometrická interpretace, problém kolinearity.",A,"Vybrat jeden ze způsobů hledání vah a popsat ho, ukázat na příkladu lineární regresi. Doptával se na hodně statistických otázek ohledně interceptu a epsilon a proč chceme aby střední hodnota byla 0.",
Dombek Daniel,2025 LS,TRUE,,QR rozklad: výpočet a využití při výpočtu odhadu metodou nejmenších čtverců (bez zúžení),A,,
Friedjungová Magda,2025 LS,TRUE,,Metrika - definice a příklady. Metoda nejbližších sousedů pro klasifikaci i regresi. Aglomerativní hierarchické shlukování. Blíže nespecifikováno.,A,"Potom se doptávala na to, co má kNN za hyperparametry a jak lze řídit přeučení (řekl jsem čím nižší k, tím spíše se to přeučí) a jak z dendrogramu získat výsledné shlukování (pravil jsem, že vodorovným řezem).",
Kleprlík Luděk ,2025 LS,TRUE,," LU rozklad -> zúžení na definici, zda má každá matice LU rozklad a jaké je využití při řešení Ax=b",B,"Dost v pohodě, pokládal celkem simple otázky, bylo vidět, že nechce, aby se do toho student zamotal, měl jsem momentální okno jen na využití v soustavě, kdy se používá LU rozklad s pivotací, nějak jsem to prostě nedokázal dobře napasovat ",
Kleprlík Luděk ,2025 LS,TRUE,,"[4. otázka - UI] LU rozklad matic, řešení soustavy lineárních rovnic pomocí LU rozkladu, Zaměření: definice LU rozkladu, má každá matice LU rozklad? Jak se využívá LU rozklad při řešení soustavy rovnic (Ax=b)",B,"Celkem simple otázka, definice easy, ne - každá matice nemá LU rozklad (ale má LU rozklad s řádkovou pivotací), využití při řešení soustavy Ax=b -> LUx=b -> subs Ux=y; Ly=b (z definice tvaru L a U už pak rovnou padají výsledky), Kleprlík byl dost v pohodě, měl jsem dohromady popsanou necelou A4 (celkem velkým písmem) a stačilo, celkem mě i naváděl na věci, kde jsem si nebyl úplně jistý (v papíru jsem během psaní ta místa označil) - dával mi nějaké simple příklady/ukázky, ze kterých se daly určité vlastnosti jednoduše vykoukat; jen jsem dostal mental freeze když se zeptal, jak to teda funguje v tom řešení soustavy s tou pivotací, když je LU rozklad jako PA=LU",
Klouda Karel,2025 LS,TRUE,,QR rozklad a metoda nejmenších čtverců ,A,,
Kordík,2025 LS,TRUE,,"Principy lokálního prohledávání, metody typu hill-climbing. Problém lokálního minima a metody jeho zmírnění (tabu search, simulované žíhání).",B,,
Novotný Martin,2025 LS,FALSE,,"Architektura číslicového počítače, instrukční cyklus počítače, základní třídy souborů instrukcí (ISA). Paměťový subsystém počítače, paměťová hierarchie, skrytá paměť (cache). Zaměřte se na architekturu číslicového počítače, instrukční cyklus počítače, základní třídy souborů instrukcí (ISA).",A,Byl spokojený s obsahem papíru a na nic už se nedoptával.,
Petr Ivo,2025 LS,TRUE,,"Lineární regrese – metoda nejmenších čtverců, geometrická interpretace, problém kolinearity.",A,"Popsal jsem víceméně tak jak se učilo v ML1, s jednou chybou v definici RSS, na kterou se mě zeptal a já se opravil. Taky se ptal na pravděpodobnostní interpretaci, chtěl slyšet pojmy jako náhodný výběr a náhodné rozdělení.",
Smítková Janků Ladislava,2025 LS,TRUE,,"Principy lokálního prohledávání, metody typu hill-climbing. Problém lokálního minima a metody jeho zmírnění (tabu search, simulované žíhání).",A,Byla spokojená s obsahem papíru a na nic už se nedoptávala.,
Vašata Daniel,2025 LS,TRUE,,"Lineární regrese – metoda nejmenších čtverců, geometrická interpretace, problém kolinearity.",A,"napsal jsem pseudokód obou algoritmů, asi ne úplně ideálně ale s tou hlavní myšlenkou, což mu stačilo. Chyběla mi tam mapa předchůdců, takže se ptal, jak jde BFS využít pro rekonstrukci nejkratší cesty",
Čepek Miroslav,2024 LS,TRUE,,"Genetický algoritmus a genetické programování. Genetické operátory (selekce, křížení, mutace). Evoluční programování a optimalizace, evoluční strategie.",B,,
Kohlík Martin,2024 LS,FALSE,,"Kombinační logické obvody, popis a možnosti implementace na úrovni hradel. Minimalizace vyjádření logické funkce s využitím map. (Ano, bez sekvenčních obvodů).",A,"Napsal jsem vše z nalejvárny z https://youtu.be/NQ-ofZ_to2Y?si=AoNgaW6phQfNQT4M (těch 11 minut) + k minimalizaci, že hledáme podstatné implikanty, že hledáme skupiny o velikosti druhých mocnin a že z toho pak vznike MNDF. K implementaci vyjádření logické funkce jsem napsal, že lze použít NAND a NOR hradla pro minimalizaci plochy, kterou to bude zabírat. Toť vše, vešlo se mi to na tu třetinu/půlku stránky, co tam je pod zadáním. Zeptal se mě, proč obvody s NAND a NOR mají menší plochu. Tápal jsem, pak jsem teda nakonec řekl, že protože mají méně transistorů, což byla správná odpověď.",
Borkovcová Monika,2025 LS,TRUE,,MapReduce model: principy a jeho využití pro dotazování Big Data.,B,"Třetina otázky byla jako okruh, pak se v otázce ptala na příklady použití MapReduce a na Hadoop technologie - chtěla vědět kontrétní a jejich popis.",
Jitka Hrabáková,2025 LS,FALSE,,Definujte nezávislost náhodných jevů a veličin. Vyslovte CLV a diskutujte její využití.,B,,
Jitka Hrabáková,2025 LS,FALSE,,,,,
Monika Borkovcová,2025 LS,FALSE,,"Typické databázové stroje pro Big Data (Cassandra nebo HBase) - architektura, databázový model, distribuce dat. Zaměření: Typy NoSQL databází a jejich použití a vlastnosti.  Způsoby distributce dat v NoSQL databázích. Architektury NoSQL clusterů.",,"Chtělo se dělení NoSQL databází na Dokumentové, Sloupcové, Key-Value, Grafové databáze a jejich princip, vlastnosti a využití. Způsob distribuce dat v NoSQL databázích. Pak se chtěla architektura Cassandra clusteru (Masterless Ring) a MongoDB clusteru (Primary-Secondary node, Replikační nody a Shard nody)",
Monika Borkovcová,2025 LS,TRUE,,"Distribuovaná idexace v Elastic, Kibana.",,,
Valenta Michal,2025 LS,TRUE,,"Zajištění kvality software: Typologie testů, black vs. white box, automatizace testů, statická analýza kódu, code review, zranitelnosti aplikací.",A,Popisal som 2 A4 a vobec na nic sa ma nedopytal a bol spokojny s pripravou.,
Zdeněk Rybola,2025 LS,TRUE,,"GoF vzory, co jsou a jak se používají. Uveďte konkrétní případ použití vzoru Abstract Factory.",D,"Chtěl slyšet že GoF vzory existují, aby říkaly jak řešit nějaký problém",
Kuznetsov Stanislav ,2024 LS,TRUE,,"Klasické a agilní metodiky vývoje software (základní principy, vhodnost použití, řešené problémy). Základní popis metodik Unified Process (UP), Extrémní programování (XP) a SCRUM.",,,
Pavlíčková,2024 LS,TRUE,,"Analýza a správa požadavků (cíle, kategorizace, UML diagram případů užití, scénáře případů užití, UML diagram aktivit).",,,
Rybola Zdeněk ,2024 LS,TRUE,,"Zpracovaná data píšete nejen pro sebe, ale i pro druhé. A to i pro ty, kteří si třeba jen matně vzpomínají, že tímto předmětem prošli.",,"U SCRUM chce vědět jednotlivé fáze a co všechno přesně je součástí sprintu (denní meetingy, sprint review, atd.)",
Suchánek Marek,2025 ZS,TRUE,,"Modelování procesů, notace BPMN. Klíčové pojmy inženýrství podniků a metoda DEMO. Zaměřtě se na DEMO, co je to transakce...",D,"Snažil se ze mě dostat detailní průběh transakce, to se mu nepovedlo :D ",
Mlejnek Jiří,2024 LS,TRUE,,"Vzory používané během návrhu: třívrstvá architektura, Model View Controller, GoF vzory (Abstraktní továrna, Stav, Adaptér)",A,Napísal som všetky pojmy týkajúce sa otázky. Od informácii o celkovom procese návrhu až po rozpísania jednotlivých vzorov z GoF. Taktiež som k nim nakreslil diagramy.,
Novák,2024 LS,TRUE,,"Techniky pro vyhledávání textových, webových a multimediálních dokumentů: modely, algoritmy, aplikace. Optimalizace webových stránek pro vyhledávače. Zaměřte se na Boolský model a rozšířený Boolský model. Rozdíly mezi nimi.",C,Chtěl vědět i vzorečky výpočtu pro podobnost a pro váhu termu.,
Starosta Štěpán ,2024 LS,TRUE,,"Evaluace modelů pro klasifikaci a regresi, křížová validace.",A,,
Friedjungová Magda,2024 LS,FALSE,,"Inferenční mechanizmus, způsoby realizace inferenčního mechanizmu.        ",A,"Sice jsem vzhledem ke komisi čekal spíš VZD, ale v pohodě - popsal jsem logické metody, zpětné a dopředně řetězení, stručně nastínil IM ve fuzzy systémech a bayesovkých sítích. Doptání na další součásti architektury znalostního systému a na způsoby řešení konfliktu u dopředného řetězení.",
Smítková Janků Ladislava,2024 LS,TRUE,,"Stavový prostor a neinformované prohledávání, stromová expanze, náhodné prohledávání, prohledávání do hloubky a do šířky.",A,"Nejvíc ez věc, okruh jsem si před SZZ projel za 2 minuty s tím, že to je ez. Neměl jsem úplně správně definici stavového prostoru, ale logicky jsem ji na doptání odvodil.",
,,FALSE,,,,,
,,FALSE,,,,,
,,FALSE,,,,,
,,FALSE,,,,,
,,FALSE,,,,,
,,FALSE,,,,,
,,FALSE,,,,,
,,FALSE,,,,,
,,FALSE,,,,,
,,FALSE,,,,,
,,FALSE,,,,,
,,FALSE,,,,,
,,FALSE,,,,,
,,FALSE,,,,,
,,FALSE,,,,,
,,FALSE,,,,,
,,FALSE,,,,,
,,FALSE,,,,,
,,FALSE,,,,,
,,FALSE,,,,,
,,FALSE,,,,,
,,FALSE,,,,,
,,FALSE,,,,,
,,FALSE,,,,,
,,FALSE,,,,,
,,FALSE,,,,,
,,FALSE,,,,,
,,FALSE,,,,,
,,FALSE,,,,,
,,FALSE,,,,,
,,FALSE,,,,,
,,FALSE,,,,,
,,FALSE,,,,,
,,FALSE,,,,,
,,FALSE,,,,,
,,FALSE,,,,,
,,FALSE,,,,,
,,FALSE,,,,,
,,FALSE,,,,,
,,FALSE,,,,,
,,FALSE,,,,,
,,FALSE,,,,,
,,FALSE,,,,,
,,FALSE,,,,,
,,FALSE,,,,,
,,FALSE,,,,,
,,FALSE,,,,,
,,FALSE,,,,,
,,FALSE,,,,,
,,FALSE,,,,,
,,FALSE,,,,,
,,FALSE,,,,,
,,FALSE,,,,,
,,FALSE,,,,,
,,FALSE,,,,,
,,FALSE,,,,,
,,FALSE,,,,,
,,FALSE,,,,,
,,FALSE,,,,,
,,FALSE,,,,,
,,FALSE,,,,,
,,FALSE,,,,,
,,FALSE,,,,,
,,FALSE,,,,,
,,FALSE,,,,,
,,FALSE,,,,,
,,FALSE,,,,,
,,FALSE,,,,,
,,FALSE,,,,,
,,FALSE,,,,,
,,FALSE,,,,,
,,FALSE,,,,,
,,FALSE,,,,,
,,FALSE,,,,,
,,FALSE,,,,,
,,FALSE,,,,,
,,FALSE,,,,,
,,FALSE,,,,,
,,FALSE,,,,,
,,FALSE,,,,,
,,FALSE,,,,,
,,FALSE,,,,,
,,FALSE,,,,,
,,FALSE,,,,,
,,FALSE,,,,,
,,FALSE,,,,,
,,FALSE,,,,,
,,FALSE,,,,,
,,FALSE,,,,,
,,FALSE,,,,,
,,FALSE,,,,,
,,FALSE,,,,,
,,FALSE,,,,,
,,FALSE,,,,,
,,FALSE,,,,,
,,FALSE,,,,,
,,FALSE,,,,,
,,FALSE,,,,,
,,FALSE,,,,,
,,FALSE,,,,,
,,FALSE,,,,,
,,FALSE,,,,,
,,FALSE,,,,,
,,FALSE,,,,,
,,FALSE,,,,,
,,FALSE,,,,,
,,FALSE,,,,,
,,FALSE,,,,,
,,FALSE,,,,,
,,FALSE,,,,,
,,FALSE,,,,,
,,FALSE,,,,,
,,FALSE,,,,,
,,FALSE,,,,,
,,FALSE,,,,,
,,FALSE,,,,,
,,FALSE,,,,,
,,FALSE,,,,,
,,FALSE,,,,,
,,FALSE,,,,,
,,FALSE,,,,,
,,FALSE,,,,,
,,FALSE,,,,,
,,FALSE,,,,,
,,FALSE,,,,,
,,FALSE,,,,,
,,FALSE,,,,,
,,FALSE,,,,,
,,FALSE,,,,,
,,FALSE,,,,,
,,FALSE,,,,,
,,FALSE,,,,,
,,FALSE,,,,,
,,FALSE,,,,,
,,FALSE,,,,,
,,FALSE,,,,,
,,FALSE,,,,,
,,FALSE,,,,,
,,FALSE,,,,,
,,FALSE,,,,,
,,FALSE,,,,,
,,FALSE,,,,,
,,FALSE,,,,,
,,FALSE,,,,,
,,FALSE,,,,,
,,FALSE,,,,,
,,FALSE,,,,,
,,FALSE,,,,,
,,FALSE,,,,,
,,FALSE,,,,,
,,FALSE,,,,,
,,FALSE,,,,,
,,FALSE,,,,,
,,FALSE,,,,,
,,FALSE,,,,,
,,FALSE,,,,,
,,FALSE,,,,,
,,FALSE,,,,,
,,FALSE,,,,,
,,FALSE,,,,,
,,FALSE,,,,,
,,FALSE,,,,,
,,FALSE,,,,,
,,FALSE,,,,,
,,FALSE,,,,,
,,FALSE,,,,,
,,FALSE,,,,,
,,FALSE,,,,,
,,FALSE,,,,,
,,FALSE,,,,,
,,FALSE,,,,,
,,FALSE,,,,,
,,FALSE,,,,,
,,FALSE,,,,,
,,FALSE,,,,,
,,FALSE,,,,,
,,FALSE,,,,,
,,FALSE,,,,,
,,FALSE,,,,,
,,FALSE,,,,,
,,FALSE,,,,,
,,FALSE,,,,,
,,FALSE,,,,,
,,FALSE,,,,,
,,FALSE,,,,,
,,FALSE,,,,,
,,FALSE,,,,,
,,FALSE,,,,,
,,FALSE,,,,,
,,FALSE,,,,,
,,FALSE,,,,,
,,FALSE,,,,,
,,FALSE,,,,,
,,FALSE,,,,,
,,FALSE,,,,,
,,FALSE,,,,,
,,FALSE,,,,,
,,FALSE,,,,,
,,FALSE,,,,,
,,FALSE,,,,,
,,FALSE,,,,,
,,FALSE,,,,,
,,FALSE,,,,,
,,FALSE,,,,,
,,FALSE,,,,,
,,FALSE,,,,,
,,FALSE,,,,,
,,FALSE,,,,,
,,FALSE,,,,,
,,FALSE,,,,,
,,FALSE,,,,,
,,FALSE,,,,,
,,FALSE,,,,,
,,FALSE,,,,,
,,FALSE,,,,,
,,FALSE,,,,,
,,FALSE,,,,,
,,FALSE,,,,,
,,FALSE,,,,,
,,FALSE,,,,,
,,FALSE,,,,,
,,FALSE,,,,,
,,FALSE,,,,,
,,FALSE,,,,,
,,FALSE,,,,,
,,FALSE,,,,,
,,FALSE,,,,,
,,FALSE,,,,,
,,FALSE,,,,,
,,FALSE,,,,,
,,FALSE,,,,,
,,FALSE,,,,,
,,FALSE,,,,,
,,FALSE,,,,,
,,FALSE,,,,,
,,FALSE,,,,,
,,FALSE,,,,,
,,FALSE,,,,,
,,FALSE,,,,,
,,FALSE,,,,,
,,FALSE,,,,,
,,FALSE,,,,,
,,FALSE,,,,,
,,FALSE,,,,,
,,FALSE,,,,,
,,FALSE,,,,,
,,FALSE,,,,,
,,FALSE,,,,,
,,FALSE,,,,,
,,FALSE,,,,,
,,FALSE,,,,,
,,FALSE,,,,,
,,FALSE,,,,,
,,FALSE,,,,,
,,FALSE,,,,,
,,FALSE,,,,,
,,FALSE,,,,,
,,FALSE,,,,,
,,FALSE,,,,,
,,FALSE,,,,,
,,FALSE,,,,,
,,FALSE,,,,,
,,FALSE,,,,,
,,FALSE,,,,,
,,FALSE,,,,,
,,FALSE,,,,,
,,FALSE,,,,,
,,FALSE,,,,,
,,FALSE,,,,,
,,FALSE,,,,,
,,FALSE,,,,,
,,FALSE,,,,,
,,FALSE,,,,,
,,FALSE,,,,,
,,FALSE,,,,,
,,FALSE,,,,,
,,FALSE,,,,,
,,FALSE,,,,,
,,FALSE,,,,,
,,FALSE,,,,,
,,FALSE,,,,,
,,FALSE,,,,,
,,FALSE,,,,,
,,FALSE,,,,,
,,FALSE,,,,,
,,FALSE,,,,,
,,FALSE,,,,,
,,FALSE,,,,,
,,FALSE,,,,,
,,FALSE,,,,,
,,FALSE,,,,,
,,FALSE,,,,,
,,FALSE,,,,,
,,FALSE,,,,,
,,FALSE,,,,,
,,FALSE,,,,,
,,FALSE,,,,,
,,FALSE,,,,,
,,FALSE,,,,,
,,FALSE,,,,,
,,FALSE,,,,,
,,FALSE,,,,,
,,FALSE,,,,,
,,FALSE,,,,,
,,FALSE,,,,,
,,FALSE,,,,,
,,FALSE,,,,,
,,FALSE,,,,,
,,FALSE,,,,,
,,FALSE,,,,,
,,FALSE,,,,,
,,FALSE,,,,,
,,FALSE,,,,,
,,FALSE,,,,,
,,FALSE,,,,,
,,FALSE,,,,,
,,FALSE,,,,,
,,FALSE,,,,,
,,FALSE,,,,,
,,FALSE,,,,,
,,FALSE,,,,,
,,FALSE,,,,,
,,FALSE,,,,,
,,FALSE,,,,,
,,FALSE,,,,,
,,FALSE,,,,,
,,FALSE,,,,,
,,FALSE,,,,,
,,FALSE,,,,,
,,FALSE,,,,,
,,FALSE,,,,,
,,FALSE,,,,,
,,FALSE,,,,,
,,FALSE,,,,,
,,FALSE,,,,,
,,FALSE,,,,,
,,FALSE,,,,,
,,FALSE,,,,,
,,FALSE,,,,,
,,FALSE,,,,,
,,FALSE,,,,,
,,FALSE,,,,,
,,FALSE,,,,,
,,FALSE,,,,,
,,FALSE,,,,,
,,FALSE,,,,,
,,FALSE,,,,,
,,FALSE,,,,,
,,FALSE,,,,,
,,FALSE,,,,,
,,FALSE,,,,,
,,FALSE,,,,,
,,FALSE,,,,,
,,FALSE,,,,,
,,FALSE,,,,,
,,FALSE,,,,,
,,FALSE,,,,,
,,FALSE,,,,,
,,FALSE,,,,,
,,FALSE,,,,,
,,FALSE,,,,,
,,FALSE,,,,,
,,FALSE,,,,,
,,FALSE,,,,,
,,FALSE,,,,,
,,FALSE,,,,,
,,FALSE,,,,,
,,FALSE,,,,,
,,FALSE,,,,,
,,FALSE,,,,,
,,FALSE,,,,,
,,FALSE,,,,,
,,FALSE,,,,,
,,FALSE,,,,,
,,FALSE,,,,,
,,FALSE,,,,,
,,FALSE,,,,,
,,FALSE,,,,,
,,FALSE,,,,,
,,FALSE,,,,,
,,FALSE,,,,,
,,FALSE,,,,,
,,FALSE,,,,,
,,FALSE,,,,,
,,FALSE,,,,,
,,FALSE,,,,,
,,FALSE,,,,,
,,FALSE,,,,,
,,FALSE,,,,,
,,FALSE,,,,,
,,FALSE,,,,,
,,FALSE,,,,,
,,FALSE,,,,,
,,FALSE,,,,,
,,FALSE,,,,,
,,FALSE,,,,,
,,FALSE,,,,,
,,FALSE,,,,,
,,FALSE,,,,,
,,FALSE,,,,,
,,FALSE,,,,,
,,FALSE,,,,,
,,FALSE,,,,,
,,FALSE,,,,,
,,FALSE,,,,,
,,FALSE,,,,,
,,FALSE,,,,,
,,FALSE,,,,,
,,FALSE,,,,,
,,FALSE,,,,,
,,FALSE,,,,,
,,FALSE,,,,,
,,FALSE,,,,,
,,FALSE,,,,,
,,FALSE,,,,,
,,FALSE,,,,,
,,FALSE,,,,,
,,FALSE,,,,,
,,FALSE,,,,,
,,FALSE,,,,,
,,FALSE,,,,,
,,FALSE,,,,,
,,FALSE,,,,,
,,FALSE,,,,,
,,FALSE,,,,,
,,FALSE,,,,,
,,FALSE,,,,,
,,FALSE,,,,,
,,FALSE,,,,,
,,FALSE,,,,,
,,FALSE,,,,,
,,FALSE,,,,,
,,FALSE,,,,,
,,FALSE,,,,,
,,FALSE,,,,,
,,FALSE,,,,,
,,FALSE,,,,,
,,FALSE,,,,,
,,FALSE,,,,,
,,FALSE,,,,,
,,FALSE,,,,,
,,FALSE,,,,,
,,FALSE,,,,,
,,FALSE,,,,,
,,FALSE,,,,,
,,FALSE,,,,,
,,FALSE,,,,,
,,FALSE,,,,,
,,FALSE,,,,,
,,FALSE,,,,,
,,FALSE,,,,,
,,FALSE,,,,,
,,FALSE,,,,,
,,FALSE,,,,,
,,FALSE,,,,,
,,FALSE,,,,,
,,FALSE,,,,,
,,FALSE,,,,,
,,FALSE,,,,,
,,FALSE,,,,,
,,FALSE,,,,,
,,FALSE,,,,,
,,FALSE,,,,,
,,FALSE,,,,,
,,FALSE,,,,,
,,FALSE,,,,,
,,FALSE,,,,,
,,FALSE,,,,,
,,FALSE,,,,,
,,FALSE,,,,,
,,FALSE,,,,,
,,FALSE,,,,,
,,FALSE,,,,,
,,FALSE,,,,,
,,FALSE,,,,,
,,FALSE,,,,,
,,FALSE,,,,,
,,FALSE,,,,,
,,FALSE,,,,,
,,FALSE,,,,,
,,FALSE,,,,,
,,FALSE,,,,,
,,FALSE,,,,,
,,FALSE,,,,,
,,FALSE,,,,,
,,FALSE,,,,,
,,FALSE,,,,,
,,FALSE,,,,,
,,FALSE,,,,,
,,FALSE,,,,,
,,FALSE,,,,,
,,FALSE,,,,,
,,FALSE,,,,,
,,FALSE,,,,,
,,FALSE,,,,,
,,FALSE,,,,,
,,FALSE,,,,,
,,FALSE,,,,,
,,FALSE,,,,,
,,FALSE,,,,,
,,FALSE,,,,,
,,FALSE,,,,,
,,FALSE,,,,,
,,FALSE,,,,,
,,FALSE,,,,,
,,FALSE,,,,,
,,FALSE,,,,,
,,FALSE,,,,,
,,FALSE,,,,,
,,FALSE,,,,,
,,FALSE,,,,,
,,FALSE,,,,,
,,FALSE,,,,,
,,FALSE,,,,,
,,FALSE,,,,,
,,FALSE,,,,,
,,FALSE,,,,,
,,FALSE,,,,,
,,FALSE,,,,,
,,FALSE,,,,,
,,FALSE,,,,,
,,FALSE,,,,,
,,FALSE,,,,,
,,FALSE,,,,,
,,FALSE,,,,,
,,FALSE,,,,,
,,FALSE,,,,,
,,FALSE,,,,,
,,FALSE,,,,,
,,FALSE,,,,,
,,FALSE,,,,,
,,FALSE,,,,,
,,FALSE,,,,,
,,FALSE,,,,,
,,FALSE,,,,,
,,FALSE,,,,,
,,FALSE,,,,,
,,FALSE,,,,,
,,FALSE,,,,,
,,FALSE,,,,,
,,FALSE,,,,,
,,FALSE,,,,,
,,FALSE,,,,,
,,FALSE,,,,,
,,FALSE,,,,,
,,FALSE,,,,,
,,FALSE,,,,,
,,FALSE,,,,,
,,FALSE,,,,,
,,FALSE,,,,,
,,FALSE,,,,,
,,FALSE,,,,,
,,FALSE,,,,,
,,FALSE,,,,,
,,FALSE,,,,,
,,FALSE,,,,,
,,FALSE,,,,,
,,FALSE,,,,,
,,FALSE,,,,,
,,FALSE,,,,,
,,FALSE,,,,,
,,FALSE,,,,,
,,FALSE,,,,,
,,FALSE,,,,,
,,FALSE,,,,,
,,FALSE,,,,,
,,FALSE,,,,,
,,FALSE,,,,,
,,FALSE,,,,,
,,FALSE,,,,,
,,FALSE,,,,,
,,FALSE,,,,,
,,FALSE,,,,,
,,FALSE,,,,,
,,FALSE,,,,,
,,FALSE,,,,,
,,FALSE,,,,,
,,FALSE,,,,,
,,FALSE,,,,,
,,FALSE,,,,,
,,FALSE,,,,,
,,FALSE,,,,,
,,FALSE,,,,,
,,FALSE,,,,,
,,FALSE,,,,,
,,FALSE,,,,,
,,FALSE,,,,,
,,FALSE,,,,,
,,FALSE,,,,,
,,FALSE,,,,,
,,FALSE,,,,,
,,FALSE,,,,,
,,FALSE,,,,,
,,FALSE,,,,,
,,FALSE,,,,,
,,FALSE,,,,,
,,FALSE,,,,,
,,FALSE,,,,,
,,FALSE,,,,,
,,FALSE,,,,,
,,FALSE,,,,,
,,FALSE,,,,,
,,FALSE,,,,,
,,FALSE,,,,,
,,FALSE,,,,,
,,FALSE,,,,,
,,FALSE,,,,,
,,FALSE,,,,,
,,FALSE,,,,,
,,FALSE,,,,,
,,FALSE,,,,,
,,FALSE,,,,,
,,FALSE,,,,,
,,FALSE,,,,,
,,FALSE,,,,,
,,FALSE,,,,,
,,FALSE,,,,,
,,FALSE,,,,,
,,FALSE,,,,,
,,FALSE,,,,,
,,FALSE,,,,,
,,FALSE,,,,,
,,FALSE,,,,,
,,FALSE,,,,,
,,FALSE,,,,,
,,FALSE,,,,,
,,FALSE,,,,,
,,FALSE,,,,,
,,FALSE,,,,,
,,FALSE,,,,,
,,FALSE,,,,,
,,FALSE,,,,,
,,FALSE,,,,,
,,FALSE,,,,,
,,FALSE,,,,,
,,FALSE,,,,,
,,FALSE,,,,,
,,FALSE,,,,,
,,FALSE,,,,,
,,FALSE,,,,,
,,FALSE,,,,,
,,FALSE,,,,,
,,FALSE,,,,,
,,FALSE,,,,,
,,FALSE,,,,,
,,FALSE,,,,,
,,FALSE,,,,,
,,FALSE,,,,,
,,FALSE,,,,,
,,FALSE,,,,,
,,FALSE,,,,,
,,FALSE,,,,,
,,FALSE,,,,,
,,FALSE,,,,,
,,FALSE,,,,,
,,FALSE,,,,,
,,FALSE,,,,,
,,FALSE,,,,,
,,FALSE,,,,,
,,FALSE,,,,,
,,FALSE,,,,,
,,FALSE,,,,,
,,FALSE,,,,,
,,FALSE,,,,,
,,FALSE,,,,,
,,FALSE,,,,,
,,FALSE,,,,,
,,FALSE,,,,,
,,FALSE,,,,,
,,FALSE,,,,,
,,FALSE,,,,,
,,FALSE,,,,,
,,FALSE,,,,,
,,FALSE,,,,,
,,FALSE,,,,,
,,FALSE,,,,,
,,FALSE,,,,,
,,FALSE,,,,,
,,FALSE,,,,,
,,FALSE,,,,,
,,FALSE,,,,,
,,FALSE,,,,,
,,FALSE,,,,,
,,FALSE,,,,,
,,FALSE,,,,,
,,FALSE,,,,,
,,FALSE,,,,,
,,FALSE,,,,,
,,FALSE,,,,,
,,FALSE,,,,,
,,FALSE,,,,,
,,FALSE,,,,,
,,FALSE,,,,,
,,FALSE,,,,,
,,FALSE,,,,,
,,FALSE,,,,,
,,FALSE,,,,,
,,FALSE,,,,,
,,FALSE,,,,,
,,FALSE,,,,,
,,FALSE,,,,,
,,FALSE,,,,,
,,FALSE,,,,,
,,FALSE,,,,,
,,FALSE,,,,,
,,FALSE,,,,,
,,FALSE,,,,,
,,FALSE,,,,,
,,FALSE,,,,,
,,FALSE,,,,,
,,FALSE,,,,,
,,FALSE,,,,,
,,FALSE,,,,,
,,FALSE,,,,,
,,FALSE,,,,,
,,FALSE,,,,,
,,FALSE,,,,,
,,FALSE,,,,,
,,FALSE,,,,,
,,FALSE,,,,,
,,FALSE,,,,,
,,FALSE,,,,,
,,FALSE,,,,,
,,FALSE,,,,,
,,FALSE,,,,,
,,FALSE,,,,,
,,FALSE,,,,,
,,FALSE,,,,,
,,FALSE,,,,,
,,FALSE,,,,,
,,FALSE,,,,,
,,FALSE,,,,,
,,FALSE,,,,,
,,FALSE,,,,,
,,FALSE,,,,,
,,FALSE,,,,,
,,FALSE,,,,,
,,FALSE,,,,,
,,FALSE,,,,,
,,FALSE,,,,,
,,FALSE,,,,,
,,FALSE,,,,,
,,FALSE,,,,,
,,FALSE,,,,,
,,FALSE,,,,,
,,FALSE,,,,,
,,FALSE,,,,,
,,FALSE,,,,,
,,FALSE,,,,,
,,FALSE,,,,,
,,FALSE,,,,,
,,FALSE,,,,,
,,FALSE,,,,,
,,FALSE,,,,,
,,FALSE,,,,,
,,FALSE,,,,,
,,FALSE,,,,,
,,FALSE,,,,,
,,FALSE,,,,,
,,FALSE,,,,,
,,FALSE,,,,,
,,FALSE,,,,,
,,FALSE,,,,,
,,FALSE,,,,,
,,FALSE,,,,,
,,FALSE,,,,,
,,FALSE,,,,,
,,FALSE,,,,,
,,FALSE,,,,,
,,FALSE,,,,,
,,FALSE,,,,,
,,FALSE,,,,,
,,FALSE,,,,,
,,FALSE,,,,,
,,FALSE,,,,,
,,FALSE,,,,,
,,FALSE,,,,,
,,FALSE,,,,,
,,FALSE,,,,,
,,FALSE,,,,,
,,FALSE,,,,,
,,FALSE,,,,,
,,FALSE,,,,,
,,FALSE,,,,,
,,FALSE,,,,,
,,FALSE,,,,,
,,FALSE,,,,,
,,FALSE,,,,,
,,FALSE,,,,,
,,FALSE,,,,,
,,FALSE,,,,,
,,FALSE,,,,,
,,FALSE,,,,,
,,FALSE,,,,,
,,FALSE,,,,,
,,FALSE,,,,,
,,FALSE,,,,,
,,FALSE,,,,,
,,FALSE,,,,,
,,FALSE,,,,,
,,FALSE,,,,,
,,FALSE,,,,,
,,FALSE,,,,,
,,FALSE,,,,,
,,FALSE,,,,,
,,FALSE,,,,,
,,FALSE,,,,,
,,FALSE,,,,,
,,FALSE,,,,,
,,FALSE,,,,,
,,FALSE,,,,,
,,FALSE,,,,,
,,FALSE,,,,,
,,FALSE,,,,,
,,FALSE,,,,,
,,FALSE,,,,,
,,FALSE,,,,,
,,FALSE,,,,,
,,FALSE,,,,,
,,FALSE,,,,,
,,FALSE,,,,,
,,FALSE,,,,,
,,FALSE,,,,,
,,FALSE,,,,,
,,FALSE,,,,,
,,FALSE,,,,,
,,FALSE,,,,,
,,FALSE,,,,,
,,FALSE,,,,,
,,FALSE,,,,,
,,FALSE,,,,,
,,FALSE,,,,,
,,FALSE,,,,,
,,FALSE,,,,,
,,FALSE,,,,,
,,FALSE,,,,,
,,FALSE,,,,,
,,FALSE,,,,,
,,FALSE,,,,,
,,FALSE,,,,,
,,FALSE,,,,,
,,FALSE,,,,,
,,FALSE,,,,,
,,FALSE,,,,,
,,FALSE,,,,,
,,FALSE,,,,,
,,FALSE,,,,,
,,FALSE,,,,,
,,FALSE,,,,,
,,FALSE,,,,,
,,FALSE,,,,,
,,FALSE,,,,,
,,FALSE,,,,,
,,FALSE,,,,,
,,FALSE,,,,,
,,FALSE,,,,,
,,FALSE,,,,,
,,FALSE,,,,,
,,FALSE,,,,,
,,FALSE,,,,,
,,FALSE,,,,,
,,FALSE,,,,,
,,FALSE,,,,,
,,FALSE,,,,,
,,FALSE,,,,,
,,FALSE,,,,,
,,FALSE,,,,,
,,FALSE,,,,,
,,FALSE,,,,,
,,FALSE,,,,,
,,FALSE,,,,,
,,FALSE,,,,,
,,FALSE,,,,,
,,FALSE,,,,,
,,FALSE,,,,,
,,FALSE,,,,,
,,FALSE,,,,,
,,FALSE,,,,,
,,FALSE,,,,,
,,FALSE,,,,,
,,FALSE,,,,,
,,FALSE,,,,,
,,FALSE,,,,,
,,FALSE,,,,,
,,FALSE,,,,,
,,FALSE,,,,,
,,FALSE,,,,,
,,FALSE,,,,,
,,FALSE,,,,,
,,FALSE,,,,,
,,FALSE,,,,,
,,FALSE,,,,,
,,FALSE,,,,,
,,FALSE,,,,,
,,FALSE,,,,,
,,FALSE,,,,,
,,FALSE,,,,,
,,FALSE,,,,,
,,FALSE,,,,,
,,FALSE,,,,,
,,FALSE,,,,,
,,FALSE,,,,,
,,FALSE,,,,,
,,FALSE,,,,,
,,FALSE,,,,,
,,FALSE,,,,,
,,FALSE,,,,,
,,FALSE,,,,,
,,FALSE,,,,,
,,FALSE,,,,,
,,FALSE,,,,,
,,FALSE,,,,,
,,FALSE,,,,,
,,FALSE,,,,,
,,FALSE,,,,,
,,FALSE,,,,,
,,FALSE,,,,,
,,FALSE,,,,,
,,FALSE,,,,,
,,FALSE,,,,,
,,FALSE,,,,,
,,FALSE,,,,,
,,FALSE,,,,,
,,FALSE,,,,,
,,FALSE,,,,,
,,FALSE,,,,,
,,FALSE,,,,,
,,FALSE,,,,,
,,FALSE,,,,,
,,FALSE,,,,,
,,FALSE,,,,,
,,FALSE,,,,,
,,FALSE,,,,,
,,FALSE,,,,,
,,FALSE,,,,,
,,FALSE,,,,,
,,FALSE,,,,,
,,FALSE,,,,,
,,FALSE,,,,,
,,FALSE,,,,,
,,FALSE,,,,,
,,FALSE,,,,,
,,FALSE,,,,,
,,FALSE,,,,,
,,FALSE,,,,,
,,FALSE,,,,,
,,FALSE,,,,,
,,FALSE,,,,,
,,FALSE,,,,,
,,FALSE,,,,,
,,FALSE,,,,,
,,FALSE,,,,,
,,FALSE,,,,,
,,FALSE,,,,,
,,FALSE,,,,,
,,FALSE,,,,,
,,FALSE,,,,,
,,FALSE,,,,,
,,FALSE,,,,,
,,FALSE,,,,,
,,FALSE,,,,,
,,FALSE,,,,,
,,FALSE,,,,,
,,FALSE,,,,,
,,FALSE,,,,,
,,FALSE,,,,,
,,FALSE,,,,,
,,FALSE,,,,,
,,FALSE,,,,,
,,FALSE,,,,,
,,FALSE,,,,,
,,FALSE,,,,,
,,FALSE,,,,,
,,FALSE,,,,,
,,FALSE,,,,,
,,FALSE,,,,,
,,FALSE,,,,,
,,FALSE,,,,,
,,FALSE,,,,,
,,FALSE,,,,,
,,FALSE,,,,,
,,FALSE,,,,,
,,FALSE,,,,,
,,FALSE,,,,,
,,FALSE,,,,,
,,FALSE,,,,,
,,FALSE,,,,,
,,FALSE,,,,,
,,FALSE,,,,,
,,FALSE,,,,,
,,FALSE,,,,,
,,FALSE,,,,,
,,FALSE,,,,,
,,FALSE,,,,,
,,FALSE,,,,,
,,FALSE,,,,,
,,FALSE,,,,,
,,FALSE,,,,,
,,FALSE,,,,,
,,FALSE,,,,,
,,FALSE,,,,,
,,FALSE,,,,,
,,FALSE,,,,,
,,FALSE,,,,,
,,FALSE,,,,,
,,FALSE,,,,,
,,FALSE,,,,,
,,FALSE,,,,,
,,FALSE,,,,,
,,FALSE,,,,,
,,FALSE,,,,,
,,FALSE,,,,,
,,FALSE,,,,,
,,FALSE,,,,,
,,FALSE,,,,,
,,FALSE,,,,,
,,FALSE,,,,,
,,FALSE,,,,,
,,FALSE,,,,,
,,FALSE,,,,,
,,FALSE,,,,,
,,FALSE,,,,,
,,FALSE,,,,,
,,FALSE,,,,,
,,FALSE,,,,,
,,FALSE,,,,,
,,FALSE,,,,,
,,FALSE,,,,,
,,FALSE,,,,,
,,FALSE,,,,,
,,FALSE,,,,,
,,FALSE,,,,,
,,FALSE,,,,,
,,FALSE,,,,,
,,FALSE,,,,,
,,FALSE,,,,,
,,FALSE,,,,,
,,FALSE,,,,,
,,FALSE,,,,,
,,FALSE,,,,,
,,FALSE,,,,,
,,FALSE,,,,,
,,FALSE,,,,,
,,FALSE,,,,,
,,FALSE,,,,,
,,FALSE,,,,,
,,FALSE,,,,,
,,FALSE,,,,,
,,FALSE,,,,,
,,FALSE,,,,,
,,FALSE,,,,,
,,FALSE,,,,,
,,FALSE,,,,,
,,FALSE,,,,,
,,FALSE,,,,,
,,FALSE,,,,,
,,FALSE,,,,,
,,FALSE,,,,,
,,FALSE,,,,,
,,FALSE,,,,,
,,FALSE,,,,,
,,FALSE,,,,,
,,FALSE,,,,,
,,FALSE,,,,,
,,FALSE,,,,,
,,FALSE,,,,,
,,FALSE,,,,,
,,FALSE,,,,,
,,FALSE,,,,,
,,FALSE,,,,,
,,FALSE,,,,,
,,FALSE,,,,,
,,FALSE,,,,,
,,FALSE,,,,,
,,FALSE,,,,,
,,FALSE,,,,,
,,FALSE,,,,,
,,FALSE,,,,,
,,FALSE,,,,,
,,FALSE,,,,,
,,FALSE,,,,,
,,FALSE,,,,,
,,FALSE,,,,,
,,FALSE,,,,,
,,FALSE,,,,,
,,FALSE,,,,,
,,FALSE,,,,,
,,FALSE,,,,,
,,FALSE,,,,,
,,FALSE,,,,,
,,FALSE,,,,,
,,FALSE,,,,,
,,FALSE,,,,,
,,FALSE,,,,,
,,FALSE,,,,,
,,FALSE,,,,,
,,FALSE,,,,,
,,FALSE,,,,,
,,FALSE,,,,,
,,FALSE,,,,,
,,FALSE,,,,,
,,FALSE,,,,,
,,FALSE,,,,,
,,FALSE,,,,,
,,FALSE,,,,,
,,FALSE,,,,,
,,FALSE,,,,,
,,FALSE,,,,,
,,FALSE,,,,,
,,FALSE,,,,,
,,FALSE,,,,,
,,FALSE,,,,,
,,FALSE,,,,,
,,FALSE,,,,,
,,FALSE,,,,,
,,FALSE,,,,,
,,FALSE,,,,,
,,FALSE,,,,,
,,FALSE,,,,,
,,FALSE,,,,,
,,FALSE,,,,,
,,FALSE,,,,,
,,FALSE,,,,,
,,FALSE,,,,,
,,FALSE,,,,,
,,FALSE,,,,,
,,FALSE,,,,,
,,FALSE,,,,,
,,FALSE,,,,,
,,FALSE,,,,,
,,FALSE,,,,,
,,FALSE,,,,,
,,FALSE,,,,,
,,FALSE,,,,,
,,FALSE,,,,,
,,FALSE,,,,,
,,FALSE,,,,,
,,FALSE,,,,,
,,FALSE,,,,,
,,FALSE,,,,,
,,FALSE,,,,,
,,FALSE,,,,,
,,FALSE,,,,,
,,FALSE,,,,,
,,FALSE,,,,,
,,FALSE,,,,,
,,FALSE,,,,,
,,FALSE,,,,,
,,FALSE,,,,,
,,FALSE,,,,,
,,FALSE,,,,,
,,FALSE,,,,,
,,FALSE,,,,,
,,FALSE,,,,,
,,FALSE,,,,,
,,FALSE,,,,,
,,FALSE,,,,,
,,FALSE,,,,,
,,FALSE,,,,,
,,FALSE,,,,,
,,FALSE,,,,,
,,FALSE,,,,,
,,FALSE,,,,,
,,FALSE,,,,,
,,FALSE,,,,,
,,FALSE,,,,,
,,FALSE,,,,,
,,FALSE,,,,,
,,FALSE,,,,,
,,FALSE,,,,,
,,FALSE,,,,,
,,FALSE,,,,,
,,FALSE,,,,,
,,FALSE,,,,,
,,FALSE,,,,,
,,FALSE,,,,,
,,FALSE,,,,,
,,FALSE,,,,,
,,FALSE,,,,,
,,FALSE,,,,,
,,FALSE,,,,,
,,FALSE,,,,,
,,FALSE,,,,,
,,FALSE,,,,,
,,FALSE,,,,,
,,FALSE,,,,,
,,FALSE,,,,,
,,FALSE,,,,,
,,FALSE,,,,,
,,FALSE,,,,,
,,FALSE,,,,,
,,FALSE,,,,,
,,FALSE,,,,,
,,FALSE,,,,,
,,FALSE,,,,,
,,FALSE,,,,,
,,FALSE,,,,,
,,FALSE,,,,,
,,FALSE,,,,,
,,FALSE,,,,,
,,FALSE,,,,,
,,FALSE,,,,,
,,FALSE,,,,,
,,FALSE,,,,,
,,FALSE,,,,,
,,FALSE,,,,,
,,FALSE,,,,,
,,FALSE,,,,,
,,FALSE,,,,,
,,FALSE,,,,,
,,FALSE,,,,,
,,FALSE,,,,,
,,FALSE,,,,,
,,FALSE,,,,,
,,FALSE,,,,,
,,FALSE,,,,,
,,FALSE,,,,,
,,FALSE,,,,,
,,FALSE,,,,,
,,FALSE,,,,,
,,FALSE,,,,,
,,FALSE,,,,,
,,FALSE,,,,,
,,FALSE,,,,,
,,FALSE,,,,,
,,FALSE,,,,,
,,FALSE,,,,,
,,FALSE,,,,,
,,FALSE,,,,,
,,FALSE,,,,,
,,FALSE,,,,,
,,FALSE,,,,,
,,FALSE,,,,,
,,FALSE,,,,,
,,FALSE,,,,,
,,FALSE,,,,,
,,FALSE,,,,,
,,FALSE,,,,,
,,FALSE,,,,,
,,FALSE,,,,,
,,FALSE,,,,,
,,FALSE,,,,,
,,FALSE,,,,,
,,FALSE,,,,,
,,FALSE,,,,,
,,FALSE,,,,,
,,FALSE,,,,,
,,FALSE,,,,,
,,FALSE,,,,,
,,FALSE,,,,,
,,FALSE,,,,,
,,FALSE,,,,,
,,FALSE,,,,,
,,FALSE,,,,,
,,FALSE,,,,,
,,FALSE,,,,,
,,FALSE,,,,,
,,FALSE,,,,,
,,FALSE,,,,,
,,FALSE,,,,,
,,FALSE,,,,,
,,FALSE,,,,,
,,FALSE,,,,,
,,FALSE,,,,,
,,FALSE,,,,,
,,FALSE,,,,,
,,FALSE,,,,,
,,FALSE,,,,,
,,FALSE,,,,,
,,FALSE,,,,,
,,FALSE,,,,,
,,FALSE,,,,,
,,FALSE,,,,,
,,FALSE,,,,,
,,FALSE,,,,,
,,FALSE,,,,,
,,FALSE,,,,,
,,FALSE,,,,,
,,FALSE,,,,,
,,FALSE,,,,,
,,FALSE,,,,,
,,FALSE,,,,,
,,FALSE,,,,,
,,FALSE,,,,,
,,FALSE,,,,,
,,FALSE,,,,,
,,FALSE,,,,,
,,FALSE,,,,,
,,FALSE,,,,,
,,FALSE,,,,,
,,FALSE,,,,,
,,FALSE,,,,,
,,FALSE,,,,,
,,FALSE,,,,,
,,FALSE,,,,,
,,FALSE,,,,,
,,FALSE,,,,,
,,FALSE,,,,,
,,FALSE,,,,,
,,FALSE,,,,,
,,FALSE,,,,,
,,FALSE,,,,,
,,FALSE,,,,,
,,FALSE,,,,,
,,FALSE,,,,,
,,FALSE,,,,,
,,FALSE,,,,,
,,FALSE,,,,,
,,FALSE,,,,,
,,FALSE,,,,,
,,FALSE,,,,,
,,FALSE,,,,,
,,FALSE,,,,,
,,FALSE,,,,,
,,FALSE,,,,,
,,FALSE,,,,,
,,FALSE,,,,,
,,FALSE,,,,,
,,FALSE,,,,,
,,FALSE,,,,,
,,FALSE,,,,,
,,FALSE,,,,,
,,FALSE,,,,,
,,FALSE,,,,,
,,FALSE,,,,,
,,FALSE,,,,,
,,FALSE,,,,,
,,FALSE,,,,,
,,FALSE,,,,,
,,FALSE,,,,,
,,FALSE,,,,,
,,FALSE,,,,,
,,FALSE,,,,,
,,FALSE,,,,,
,,FALSE,,,,,
,,FALSE,,,,,
,,FALSE,,,,,
,,FALSE,,,,,
,,FALSE,,,,,
,,FALSE,,,,,
,,FALSE,,,,,
,,FALSE,,,,,
,,FALSE,,,,,
,,FALSE,,,,,
,,FALSE,,,,,
,,FALSE,,,,,
,,FALSE,,,,,
,,FALSE,,,,,
,,FALSE,,,,,
,,FALSE,,,,,
,,FALSE,,,,,
,,FALSE,,,,,
,,FALSE,,,,,
,,FALSE,,,,,
,,FALSE,,,,,
,,FALSE,,,,,
,,FALSE,,,,,
,,FALSE,,,,,
,,FALSE,,,,,
,,FALSE,,,,,
,,FALSE,,,,,
,,FALSE,,,,,
,,FALSE,,,,,
,,FALSE,,,,,
,,FALSE,,,,,
,,FALSE,,,,,
,,FALSE,,,,,
,,FALSE,,,,,
,,FALSE,,,,,
,,FALSE,,,,,
,,FALSE,,,,,
,,FALSE,,,,,
,,FALSE,,,,,
,,FALSE,,,,,
,,FALSE,,,,,
,,FALSE,,,,,
,,FALSE,,,,,
,,FALSE,,,,,
,,FALSE,,,,,
,,FALSE,,,,,
,,FALSE,,,,,
,,FALSE,,,,,
,,FALSE,,,,,
,,FALSE,,,,,
,,FALSE,,,,,
,,FALSE,,,,,
,,FALSE,,,,,
,,FALSE,,,,,
,,FALSE,,,,,
,,FALSE,,,,,
,,FALSE,,,,,
,,FALSE,,,,,
,,FALSE,,,,,
,,FALSE,,,,,
,,FALSE,,,,,
,,FALSE,,,,,
,,FALSE,,,,,
,,FALSE,,,,,
,,FALSE,,,,,
,,FALSE,,,,,
,,FALSE,,,,,
,,FALSE,,,,,
,,FALSE,,,,,
,,FALSE,,,,,
,,FALSE,,,,,
,,FALSE,,,,,
,,FALSE,,,,,
,,FALSE,,,,,
,,FALSE,,,,,
,,FALSE,,,,,
,,FALSE,,,,,
,,FALSE,,,,,
,,FALSE,,,,,
,,FALSE,,,,,
,,FALSE,,,,,
,,FALSE,,,,,
,,FALSE,,,,,
,,FALSE,,,,,
,,FALSE,,,,,
,,FALSE,,,,,
,,FALSE,,,,,
,,FALSE,,,,,
,,FALSE,,,,,
,,FALSE,,,,,
,,FALSE,,,,,
,,FALSE,,,,,
,,FALSE,,,,,
,,FALSE,,,,,
,,FALSE,,,,,
,,FALSE,,,,,
,,FALSE,,,,,
,,FALSE,,,,,
,,FALSE,,,,,
,,FALSE,,,,,
,,FALSE,,,,,
,,FALSE,,,,,
,,FALSE,,,,,
,,FALSE,,,,,
,,FALSE,,,,,
,,FALSE,,,,,
,,FALSE,,,,,
,,FALSE,,,,,
,,FALSE,,,,,
,,FALSE,,,,,
,,FALSE,,,,,
,,FALSE,,,,,
,,FALSE,,,,,
,,FALSE,,,,,
,,FALSE,,,,,
,,FALSE,,,,,
,,FALSE,,,,,
,,FALSE,,,,,
,,FALSE,,,,,
,,FALSE,,,,,
,,FALSE,,,,,
,,FALSE,,,,,
,,FALSE,,,,,
,,FALSE,,,,,
,,FALSE,,,,,
,,FALSE,,,,,
,,FALSE,,,,,
,,FALSE,,,,,
,,FALSE,,,,,
,,FALSE,,,,,
,,FALSE,,,,,
,,FALSE,,,,,
,,FALSE,,,,,
,,FALSE,,,,,
,,FALSE,,,,,
,,FALSE,,,,,
,,FALSE,,,,,
,,FALSE,,,,,
,,FALSE,,,,,
,,FALSE,,,,,
,,FALSE,,,,,
,,FALSE,,,,,
,,FALSE,,,,,
,,FALSE,,,,,
,,FALSE,,,,,
,,FALSE,,,,,
,,FALSE,,,,,
,,FALSE,,,,,
,,FALSE,,,,,
,,FALSE,,,,,
,,FALSE,,,,,
,,FALSE,,,,,
,,FALSE,,,,,
,,FALSE,,,,,
,,FALSE,,,,,
,,FALSE,,,,,
,,FALSE,,,,,
,,FALSE,,,,,
,,FALSE,,,,,
,,FALSE,,,,,
,,FALSE,,,,,
,,FALSE,,,,,
,,FALSE,,,,,
,,FALSE,,,,,
,,FALSE,,,,,
,,FALSE,,,,,
,,FALSE,,,,,
,,FALSE,,,,,
,,FALSE,,,,,
,,FALSE,,,,,
,,FALSE,,,,,
,,FALSE,,,,,
,,FALSE,,,,,
,,FALSE,,,,,
,,FALSE,,,,,
,,FALSE,,,,,
,,FALSE,,,,,
,,FALSE,,,,,
,,FALSE,,,,,
,,FALSE,,,,,
,,FALSE,,,,,
,,FALSE,,,,,
,,FALSE,,,,,
,,FALSE,,,,,
,,FALSE,,,,,
,,FALSE,,,,,
,,FALSE,,,,,
,,FALSE,,,,,
,,FALSE,,,,,
,,FALSE,,,,,
,,FALSE,,,,,
,,FALSE,,,,,
,,FALSE,,,,,
,,FALSE,,,,,
,,FALSE,,,,,
,,FALSE,,,,,
,,FALSE,,,,,
,,FALSE,,,,,
,,FALSE,,,,,
,,FALSE,,,,,
,,FALSE,,,,,
,,FALSE,,,,,
,,FALSE,,,,,
,,FALSE,,,,,
,,FALSE,,,,,
,,FALSE,,,,,
,,FALSE,,,,,
,,FALSE,,,,,
,,FALSE,,,,,
,,FALSE,,,,,
,,FALSE,,,,,
,,FALSE,,,,,
,,FALSE,,,,,
,,FALSE,,,,,
,,FALSE,,,,,
,,FALSE,,,,,
,,FALSE,,,,,
,,FALSE,,,,,
,,FALSE,,,,,
,,FALSE,,,,,
,,FALSE,,,,,
,,FALSE,,,,,
,,FALSE,,,,,
,,FALSE,,,,,
,,FALSE,,,,,
,,FALSE,,,,,
,,FALSE,,,,,
,,FALSE,,,,,
,,FALSE,,,,,
,,FALSE,,,,,
,,FALSE,,,,,
,,FALSE,,,,,
,,FALSE,,,,,
,,FALSE,,,,,
,,FALSE,,,,,
,,FALSE,,,,,
,,FALSE,,,,,
,,FALSE,,,,,
,,FALSE,,,,,
,,FALSE,,,,,
,,FALSE,,,,,
,,FALSE,,,,,
,,FALSE,,,,,
,,FALSE,,,,,
,,FALSE,,,,,
,,FALSE,,,,,
,,FALSE,,,,,
,,FALSE,,,,,
,,FALSE,,,,,
,,FALSE,,,,,
,,FALSE,,,,,
,,FALSE,,,,,
,,FALSE,,,,,
,,FALSE,,,,,
,,FALSE,,,,,
,,FALSE,,,,,
,,FALSE,,,,,
,,FALSE,,,,,
,,FALSE,,,,,
,,FALSE,,,,,
,,FALSE,,,,,
,,FALSE,,,,,
,,FALSE,,,,,
,,FALSE,,,,,
,,FALSE,,,,,
,,FALSE,,,,,
,,FALSE,,,,,
,,FALSE,,,,,
,,FALSE,,,,,
,,FALSE,,,,,
,,FALSE,,,,,
,,FALSE,,,,,
,,FALSE,,,,,
,,FALSE,,,,,
,,FALSE,,,,,
,,FALSE,,,,,
,,FALSE,,,,,
,,FALSE,,,,,
,,FALSE,,,,,
,,FALSE,,,,,
,,FALSE,,,,,
,,FALSE,,,,,
,,FALSE,,,,,
,,FALSE,,,,,
,,FALSE,,,,,
,,FALSE,,,,,
,,FALSE,,,,,
,,FALSE,,,,,
,,FALSE,,,,,
,,FALSE,,,,,
,,FALSE,,,,,
,,FALSE,,,,,
,,FALSE,,,,,
,,FALSE,,,,,
,,FALSE,,,,,
,,FALSE,,,,,
,,FALSE,,,,,
,,FALSE,,,,,
,,FALSE,,,,,
,,FALSE,,,,,
,,FALSE,,,,,
,,FALSE,,,,,
,,FALSE,,,,,
,,FALSE,,,,,
,,FALSE,,,,,
,,FALSE,,,,,
,,FALSE,,,,,
,,FALSE,,,,,
,,FALSE,,,,,
,,FALSE,,,,,
,,FALSE,,,,,
,,FALSE,,,,,
,,FALSE,,,,,
,,FALSE,,,,,
,,FALSE,,,,,
,,FALSE,,,,,
,,FALSE,,,,,
,,FALSE,,,,,
,,FALSE,,,,,
,,FALSE,,,,,
,,FALSE,,,,,
,,FALSE,,,,,
,,FALSE,,,,,
,,FALSE,,,,,
,,FALSE,,,,,
,,FALSE,,,,,
,,FALSE,,,,,
,,FALSE,,,,,
,,FALSE,,,,,
,,FALSE,,,,,
,,FALSE,,,,,
,,FALSE,,,,,
,,FALSE,,,,,
,,FALSE,,,,,
,,FALSE,,,,,
,,FALSE,,,,,
,,FALSE,,,,,
,,FALSE,,,,,
,,FALSE,,,,,
,,FALSE,,,,,
,,FALSE,,,,,
,,FALSE,,,,,
,,FALSE,,,,,
,,FALSE,,,,,
,,FALSE,,,,,
,,FALSE,,,,,
,,FALSE,,,,,
,,FALSE,,,,,
,,FALSE,,,,,
,,FALSE,,,,,
,,FALSE,,,,,
,,FALSE,,,,,
,,FALSE,,,,,
,,FALSE,,,,,
,,FALSE,,,,,
,,FALSE,,,,,
,,FALSE,,,,,
,,FALSE,,,,,
,,FALSE,,,,,
,,FALSE,,,,,
,,FALSE,,,,,
,,FALSE,,,,,
,,FALSE,,,,,
,,FALSE,,,,,
,,FALSE,,,,,
,,FALSE,,,,,
,,FALSE,,,,,
,,FALSE,,,,,
,,FALSE,,,,,
,,FALSE,,,,,
,,FALSE,,,,,
,,FALSE,,,,,
,,FALSE,,,,,
,,FALSE,,,,,
,,FALSE,,,,,
,,FALSE,,,,,
,,FALSE,,,,,
,,FALSE,,,,,
,,FALSE,,,,,
,,FALSE,,,,,
,,FALSE,,,,,
,,FALSE,,,,,
,,FALSE,,,,,
,,FALSE,,,,,
,,FALSE,,,,,
,,FALSE,,,,,
,,FALSE,,,,,
,,FALSE,,,,,
,,FALSE,,,,,
,,FALSE,,,,,
,,FALSE,,,,,
,,FALSE,,,,,
,,FALSE,,,,,
,,FALSE,,,,,
,,FALSE,,,,,
,,FALSE,,,,,
,,FALSE,,,,,
,,FALSE,,,,,
,,FALSE,,,,,
,,FALSE,,,,,
,,FALSE,,,,,
,,FALSE,,,,,
,,FALSE,,,,,
,,FALSE,,,,,
,,FALSE,,,,,
,,FALSE,,,,,
,,FALSE,,,,,
,,FALSE,,,,,
,,FALSE,,,,,
,,FALSE,,,,,
,,FALSE,,,,,
,,FALSE,,,,,
,,FALSE,,,,,
,,FALSE,,,,,
,,FALSE,,,,,
,,FALSE,,,,,
,,FALSE,,,,,
,,FALSE,,,,,
,,FALSE,,,,,
,,FALSE,,,,,
,,FALSE,,,,,
,,FALSE,,,,,
,,FALSE,,,,,
,,FALSE,,,,,
,,FALSE,,,,,
,,FALSE,,,,,
,,FALSE,,,,,
,,FALSE,,,,,
,,FALSE,,,,,
,,FALSE,,,,,
,,FALSE,,,,,
,,FALSE,,,,,
,,FALSE,,,,,
,,FALSE,,,,,
,,FALSE,,,,,
,,FALSE,,,,,
,,FALSE,,,,,
,,FALSE,,,,,
,,FALSE,,,,,
,,FALSE,,,,,
,,FALSE,,,,,
,,FALSE,,,,,
,,FALSE,,,,,
,,FALSE,,,,,
,,FALSE,,,,,
,,FALSE,,,,,
,,FALSE,,,,,
,,FALSE,,,,,
,,FALSE,,,,,
,,FALSE,,,,,
,,FALSE,,,,,
,,FALSE,,,,,
,,FALSE,,,,,
,,FALSE,,,,,
,,FALSE,,,,,
,,FALSE,,,,,
,,FALSE,,,,,
,,FALSE,,,,,
,,FALSE,,,,,
,,FALSE,,,,,
,,FALSE,,,,,
,,FALSE,,,,,
,,FALSE,,,,,
,,FALSE,,,,,
,,FALSE,,,,,
,,FALSE,,,,,
,,FALSE,,,,,
,,FALSE,,,,,
,,FALSE,,,,,
,,FALSE,,,,,
,,FALSE,,,,,
,,FALSE,,,,,
,,FALSE,,,,,
,,FALSE,,,,,
,,FALSE,,,,,
,,FALSE,,,,,
,,FALSE,,,,,
,,FALSE,,,,,
,,FALSE,,,,,
,,FALSE,,,,,
,,FALSE,,,,,
,,FALSE,,,,,
,,FALSE,,,,,
,,FALSE,,,,,
,,FALSE,,,,,
,,FALSE,,,,,